CustomerID,Gender,SeniorCitizen,Tenure,Contract,InternetService,MonthlyCharges,TotalCharges,Churn
1,Male,0,43,Month-to-month,Fiber optic,18.25,2569.8162356418584,Yes
2,Female,0,63,Month-to-month,DSL,18.25,1166.35743457952,No
3,Male,0,39,Month-to-month,DSL,40.04553794410866,18.8,Yes
4,Male,0,5,Month-to-month,Fiber optic,81.92582798357365,3287.847851619264,Yes
5,Female,0,71,Two year,No,22.26334695983939,3777.2361246831006,No
6,Male,0,42,Month-to-month,Fiber optic,118.3138009223921,3791.6367908035018,No
7,Female,0,31,Two year,Fiber optic,101.05267947953246,1664.1454515978621,No
8,Female,0,48,Two year,DSL,49.914734757986395,2855.774726149724,No
9,Male,0,18,Two year,DSL,41.10498839766959,805.5718266044387,No
10,Male,0,51,One year,DSL,70.878391090398,6074.100602202365,No
11,Female,0,51,Month-to-month,DSL,21.23138606348249,4871.768889518873,Yes
12,Male,0,33,Month-to-month,Fiber optic,18.25,4732.98017460617,Yes
13,Female,0,58,One year,No,50.974012766017744,4078.4667077436543,No
14,Male,0,4,Month-to-month,DSL,60.765132128284044,3456.7156713846734,No
15,Male,0,65,Month-to-month,No,67.64225945304126,18.8,Yes
16,Female,0,40,One year,DSL,46.29630745485167,3714.0606013552992,No
17,Female,1,33,Two year,DSL,103.14579655719592,2537.9250113234834,No
18,Female,0,53,Two year,DSL,19.7962962796351,5141.783016498783,Yes
19,Female,1,19,Month-to-month,DSL,30.538309737761224,4108.611867278582,No
20,Female,0,53,Two year,DSL,79.44774227995882,3526.1621453667467,No
21,Female,0,65,One year,Fiber optic,29.834413692322045,18.8,No
22,Female,0,17,One year,Fiber optic,28.67035438886076,2077.3247840452054,No
23,Female,0,43,Month-to-month,DSL,68.51297924543563,1014.8161390583148,No
24,Female,0,47,One year,Fiber optic,33.08896912848745,2850.861184198845,No
25,Female,0,34,One year,Fiber optic,60.79415871958731,1337.3676169109694,No
26,Male,0,38,One year,No,43.734317554301526,1653.7068713725687,No
27,Male,0,2,Month-to-month,No,38.86392252848053,3319.170828518591,Yes
28,Female,0,18,Two year,No,18.25,1299.7750346531534,No
29,Male,0,17,Two year,Fiber optic,69.00085089992226,2554.5264286747124,Yes
30,Female,0,4,Two year,Fiber optic,27.259581237400837,18.8,No
31,Male,1,54,Month-to-month,DSL,59.735909673731356,392.7782536617069,Yes
32,Male,0,12,Month-to-month,Fiber optic,49.38564255970819,3765.594723281908,No
33,Male,1,33,Month-to-month,DSL,58.58410743313351,18.8,No
34,Male,1,17,One year,DSL,60.29477124220085,5101.813025848392,No
35,Male,1,67,Two year,DSL,70.62821035263973,4486.988939112793,Yes
36,Female,1,71,Month-to-month,Fiber optic,42.89444502510757,1671.1909665200437,No
37,Male,1,42,Two year,DSL,102.20516402612839,8684.8,No
38,Male,0,64,One year,No,18.25,5095.872707404233,No
39,Female,0,40,Month-to-month,DSL,57.9796073323304,127.93263780480447,No
40,Male,0,37,Month-to-month,No,89.97055238996711,3969.830405684309,No
41,Male,0,37,Month-to-month,DSL,79.15085384537838,2428.24570828057,Yes
42,Male,0,12,One year,Fiber optic,35.457449146489225,518.9704021125744,No
43,Male,0,21,Month-to-month,Fiber optic,40.47181066106047,18.8,Yes
44,Male,0,28,One year,Fiber optic,34.49554396426922,4533.428296857067,No
45,Male,1,8,One year,Fiber optic,82.83675168299811,924.0555771617132,Yes
46,Male,0,67,Month-to-month,Fiber optic,42.52829577168319,2048.14817948604,No
47,Female,0,16,Month-to-month,Fiber optic,,191.95524663868673,No
48,Female,0,36,One year,Fiber optic,72.75547256368624,583.6741140813929,No
49,Female,0,63,Month-to-month,Fiber optic,118.75,1991.3784326380444,Yes
50,Male,1,66,Two year,DSL,74.22886292003128,3158.6210753129276,No
51,Male,0,3,Month-to-month,DSL,40.38456515601105,18.8,No
52,Female,0,39,Month-to-month,DSL,20.849477111801384,2317.3402649118557,Yes
53,Female,0,15,One year,No,56.49683328940386,588.2897854823095,No
54,Female,0,10,Two year,Fiber optic,61.21551614293771,5456.75377271821,Yes
55,Male,0,25,Month-to-month,DSL,18.25,8684.8,No
56,Female,0,71,Month-to-month,Fiber optic,43.3129897751803,1464.873706794881,No
57,Male,0,64,One year,Fiber optic,73.75031153910933,18.8,No
58,Female,0,1,Month-to-month,DSL,48.77609432498814,2543.8432138354715,No
59,Female,1,44,Month-to-month,No,93.9555759497457,1813.4971393683977,No
60,Male,0,42,One year,Fiber optic,18.25,6746.080570636924,Yes
61,Male,0,2,One year,Fiber optic,85.17417288661183,6055.49145208898,No
62,Male,0,33,Two year,No,92.30808121993118,4239.939683371815,No
63,Male,0,64,Month-to-month,Fiber optic,93.59054392283025,949.5512119721166,No
64,Male,1,63,Month-to-month,Fiber optic,18.25,3814.8190389657007,No
65,Male,0,6,One year,Fiber optic,74.26803915530726,,Yes
66,Female,1,34,One year,Fiber optic,44.6705010325024,2825.8383786764193,No
67,Male,0,21,One year,No,22.475112496314672,18.8,No
68,Male,0,47,Month-to-month,Fiber optic,52.34258147829137,4685.028236935963,No
69,Male,0,31,Month-to-month,DSL,37.560162443785636,2523.293671953259,No
70,Female,0,25,Two year,No,92.51458909173247,2050.493506463993,No
71,Female,0,5,Month-to-month,Fiber optic,80.24320662470844,919.045382309997,Yes
72,Male,0,45,Month-to-month,DSL,30.111421509923076,480.6650117854465,No
73,Male,0,54,Month-to-month,Fiber optic,43.00093845368903,2997.907945178173,No
74,Male,0,54,Two year,Fiber optic,53.341007488939624,18.8,Yes
75,Male,0,56,Two year,No,62.62060506573129,4068.004189366996,No
76,Male,0,62,Month-to-month,No,95.0919860715938,18.8,No
77,Male,0,0,Month-to-month,DSL,85.59254802706705,18.8,Yes
78,Female,1,20,Month-to-month,No,66.34689826614269,6407.4147858883625,No
79,Male,0,19,Month-to-month,Fiber optic,56.95446961816284,334.57474618291917,No
80,Male,0,28,Month-to-month,Fiber optic,18.25,642.5873399918376,Yes
81,Male,0,42,Month-to-month,Fiber optic,103.6891285463943,4849.863858064296,No
82,Male,0,44,One year,DSL,51.34239240424372,6481.1404205707095,No
83,Female,0,64,Month-to-month,Fiber optic,111.60069123683033,18.8,No
84,Male,1,2,Two year,DSL,70.70288969316825,112.32317547198318,No
85,Female,1,19,One year,Fiber optic,118.75,278.84978898408826,No
86,Male,1,36,Month-to-month,No,83.05027815432612,4397.260567668352,No
87,Male,0,37,Month-to-month,No,21.696209100251544,5993.273401888323,No
88,Male,0,44,Two year,DSL,46.30609404413751,18.8,No
89,Female,0,41,Two year,DSL,59.70903768377385,5484.8129358359865,No
90,Female,0,45,Month-to-month,No,38.499135098039446,672.3287032759611,Yes
91,Male,0,59,Month-to-month,Fiber optic,53.45046940282047,3040.6544980746667,Yes
92,Male,0,12,Two year,No,23.655131326678507,18.8,Yes
93,Male,0,30,Month-to-month,Fiber optic,64.97221056108359,2002.7056828231925,No
94,Male,0,67,Month-to-month,Fiber optic,71.94609966522928,2027.218589911225,No
95,Male,0,61,Two year,DSL,34.57630684309582,1564.85127788959,No
96,Male,0,48,Two year,DSL,118.75,3151.3442436704336,No
97,Male,0,17,One year,DSL,66.71174916454181,18.8,No
98,Female,1,52,Month-to-month,DSL,40.21609992970035,,No
99,Female,0,17,Month-to-month,Fiber optic,18.25,3271.2182804552394,No
100,Male,0,50,One year,Fiber optic,66.60428097085477,5320.052059991001,No
101,Male,0,40,One year,Fiber optic,56.95929516231807,2227.3041692874067,Yes
102,Male,0,66,Month-to-month,No,88.36953130932193,3420.317972665283,No
103,Male,0,64,Two year,Fiber optic,60.484555024343756,3996.8093033337727,No
104,Male,0,5,Month-to-month,Fiber optic,28.869064653711312,4160.924757443492,No
105,Male,0,36,Month-to-month,No,115.0886207149452,118.31297125417723,No
106,Female,0,11,Month-to-month,Fiber optic,77.91230887316628,518.2948183556878,No
107,Female,0,1,One year,DSL,57.1513277808894,715.29097012395,No
108,Female,0,52,One year,Fiber optic,69.75561979663712,6649.284192825723,No
109,Male,0,24,One year,Fiber optic,79.06866289250591,3430.5652001635344,Yes
110,Female,1,27,Month-to-month,Fiber optic,21.791415921807598,3328.8734223924484,No
111,Male,0,44,Two year,DSL,69.54659602088059,3108.8902167143515,No
112,Female,1,36,Month-to-month,DSL,51.25128345385386,18.8,No
113,Male,0,16,Month-to-month,Fiber optic,80.06972956745552,6670.93960678077,Yes
114,Female,0,68,One year,DSL,42.52052406935102,3364.8389447632526,No
115,Male,0,55,Month-to-month,Fiber optic,46.59847416157781,3917.6808152761223,Yes
116,Female,1,57,Month-to-month,Fiber optic,114.85242006677814,18.8,No
117,Female,0,3,Month-to-month,Fiber optic,101.85045393555231,4045.6729694511996,Yes
118,Female,1,54,Month-to-month,DSL,18.25,1471.8225880107975,No
119,Male,0,48,Month-to-month,DSL,99.61853567217578,18.8,Yes
120,Male,0,37,Month-to-month,No,62.583074009641514,117.77153313450708,No
121,Male,0,44,Month-to-month,Fiber optic,43.483719906739736,18.8,No
122,Male,0,29,Month-to-month,No,34.484040455199725,18.8,No
123,Male,0,36,One year,Fiber optic,36.23155938877235,2416.2013609452997,No
124,Female,0,55,Month-to-month,Fiber optic,44.3339280627717,1402.5955207340787,No
125,Male,0,26,One year,Fiber optic,30.873309231176506,3036.001174657704,No
126,Male,0,31,One year,No,24.026550201713462,6076.761323840098,Yes
127,Male,0,10,Two year,No,33.48455745959828,1985.5445849204534,Yes
128,Female,0,57,Two year,No,74.53415503747718,18.8,No
129,Female,0,34,Month-to-month,No,66.30771347198099,1730.7226926326477,No
130,Female,0,16,Month-to-month,Fiber optic,81.53127919171087,4983.231792877577,Yes
131,Male,0,29,One year,DSL,62.802267839777365,2084.2611553221836,No
132,Male,1,17,One year,Fiber optic,25.468952147591764,5744.463261265397,Yes
133,Female,0,29,Month-to-month,DSL,79.68267179715754,3305.365650050297,No
134,Male,1,15,Month-to-month,DSL,34.55885270586506,18.8,No
135,Male,0,53,Two year,Fiber optic,84.26309048986691,2527.31337949332,No
136,Male,0,3,Two year,Fiber optic,29.705807910995475,2952.004932803876,No
137,Male,0,14,One year,Fiber optic,44.10695354525389,4727.086245686077,No
138,Male,0,26,Month-to-month,Fiber optic,53.92211161890576,6402.296471271814,No
139,Female,0,3,Month-to-month,Fiber optic,85.09958451181416,4335.906027659912,No
140,Female,0,34,Month-to-month,No,70.09751728903458,3277.127220879434,No
141,Female,0,62,Month-to-month,Fiber optic,65.40203979674283,3811.2426233965325,No
142,Male,0,65,Two year,Fiber optic,118.75,1898.2965765852803,No
143,Female,0,38,Month-to-month,Fiber optic,18.25,18.8,No
144,Male,0,27,Month-to-month,No,33.54483295471341,2373.0301313810014,No
145,Female,0,33,Month-to-month,Fiber optic,32.25622681102636,3106.7478820218803,No
146,Male,1,32,One year,DSL,18.25,18.8,No
147,Male,0,49,Month-to-month,DSL,43.14246266213057,5285.124635106868,No
148,Female,0,59,One year,Fiber optic,85.50185183028086,,No
149,Female,0,71,Two year,DSL,46.99141330467587,18.8,No
150,Female,0,71,Month-to-month,Fiber optic,54.77661054321208,5373.975966397855,No
151,Male,0,41,Month-to-month,DSL,18.25,1580.359639370486,No
152,Female,0,27,Two year,DSL,40.82458018767355,514.938113441822,Yes
153,Female,0,26,Two year,DSL,50.90286866081372,4724.643251763628,No
154,Female,0,0,Month-to-month,No,84.13625271866813,2163.310700685708,No
155,Female,0,7,Month-to-month,Fiber optic,18.25,6582.553937016347,No
156,Male,0,45,Two year,DSL,51.104236753793735,346.35569255262226,No
157,Male,0,23,Month-to-month,Fiber optic,97.5132227050736,18.8,No
158,Male,0,39,Month-to-month,Fiber optic,51.40299310273975,1643.5268548775234,No
159,Female,0,50,Two year,Fiber optic,18.25,4067.3781828710316,Yes
160,Female,0,23,Month-to-month,Fiber optic,103.30319089818056,178.0939947764591,No
161,Female,1,21,One year,No,86.92039797040381,18.8,Yes
162,Male,0,67,Month-to-month,Fiber optic,90.9688549698716,2797.7494945244407,No
163,Female,1,7,Month-to-month,No,18.25,18.8,No
164,Male,0,57,One year,DSL,110.32491734800115,2973.9656573239954,Yes
165,Female,0,14,Month-to-month,No,41.52438983815294,1507.1481659169508,Yes
166,Male,0,7,One year,Fiber optic,49.465887778971044,3399.4610626064778,Yes
167,Male,0,41,Month-to-month,DSL,43.646407303640686,18.8,No
168,Female,0,38,Month-to-month,DSL,93.30280917685174,5220.637701171886,Yes
169,Female,0,34,Month-to-month,Fiber optic,59.3880695895906,1864.2438570042987,No
170,Male,0,40,Two year,DSL,79.30040508088753,4009.1423654723294,No
171,Male,0,47,Month-to-month,No,67.08462078881948,4454.077795271559,No
172,Female,0,70,Month-to-month,No,61.93923568884309,18.8,No
173,Male,1,43,Month-to-month,DSL,36.30179968123949,4278.195516771901,No
174,Female,1,34,One year,DSL,118.75,18.8,Yes
175,Female,0,26,Month-to-month,No,20.7518517819926,18.8,No
176,Male,0,64,Two year,DSL,77.208844618444,6729.422268749792,Yes
177,Male,0,69,Two year,DSL,76.13736342242909,4798.459733693151,Yes
178,Female,0,65,Month-to-month,DSL,99.54612421318801,6977.923021532889,No
179,Male,0,70,Month-to-month,No,106.58150997461627,1440.0950066424746,No
180,Male,1,71,Two year,No,60.66460315755505,2511.1033528007674,Yes
181,Female,0,62,Month-to-month,Fiber optic,80.76486860833506,3473.9858561408555,No
182,Male,1,28,Two year,DSL,117.92269868462054,2251.3648460982354,No
183,Male,0,30,Month-to-month,Fiber optic,62.838179315640204,588.2557771030804,Yes
184,Male,0,63,Month-to-month,DSL,32.700352400538186,248.472074603809,No
185,Male,0,52,Two year,Fiber optic,53.22750980774742,2763.6118195903996,No
186,Female,0,67,Month-to-month,DSL,25.530155441704537,18.8,Yes
187,Male,0,24,Month-to-month,Fiber optic,75.99168601094115,18.8,No
188,Male,0,12,One year,Fiber optic,96.84013186503313,3170.834177276307,Yes
189,Male,0,39,Two year,DSL,61.15665108876709,2063.368909533596,Yes
190,Male,1,71,Month-to-month,No,18.25,4402.709409138099,Yes
191,Female,1,6,Two year,DSL,95.55169013523609,1316.1507447522795,Yes
192,Female,0,31,One year,DSL,18.25,961.8740173554365,Yes
193,Female,0,23,Two year,No,18.266761184516454,3238.771995416377,Yes
194,Male,0,0,One year,DSL,59.432014536408964,438.9516342610277,No
195,Female,1,46,One year,DSL,72.37873589483252,787.6825738885511,No
196,Female,0,50,Two year,Fiber optic,77.50964971262646,877.5823514002459,No
197,Male,0,35,Month-to-month,DSL,62.80919948340115,1803.8150271342772,Yes
198,Male,0,26,Two year,No,117.77731733055921,6295.341207108515,No
199,Female,0,69,Month-to-month,DSL,66.76156706660437,18.8,No
200,Female,0,41,Month-to-month,DSL,95.94350986276336,5214.620181078162,Yes
201,Male,0,67,One year,No,88.4873323792504,3950.824789752952,No
202,Male,0,69,Month-to-month,DSL,25.884500660643653,5829.774068140404,No
203,Male,0,12,One year,No,59.6911123327058,8684.8,No
204,Female,1,24,Two year,DSL,118.75,5522.672545105281,No
205,Male,0,21,Month-to-month,DSL,49.61903929639825,4376.561303959214,No
206,Female,0,20,Month-to-month,DSL,44.49392221686361,18.8,No
207,Female,0,14,Month-to-month,DSL,69.93432500245837,18.8,No
208,Female,0,66,Two year,Fiber optic,50.697550129272436,3095.1909577715924,No
209,Male,0,36,Two year,DSL,40.90949215698262,18.8,No
210,Female,0,44,Month-to-month,Fiber optic,50.25316983164264,3673.5853434259025,No
211,Female,1,25,Two year,DSL,107.90349110819562,18.8,Yes
212,Female,0,54,Month-to-month,Fiber optic,60.68777738652507,4889.960851689419,No
213,Female,0,49,Month-to-month,DSL,24.824941514083164,1550.0270931584657,No
214,Male,0,34,Month-to-month,Fiber optic,19.296429203546253,2565.868678435448,No
215,Female,0,40,Month-to-month,DSL,118.75,583.1883763111869,No
216,Male,0,71,One year,DSL,58.077635480033514,18.8,No
217,Male,1,10,Month-to-month,No,77.88081287905909,5076.819502654197,No
218,Female,0,7,Two year,Fiber optic,41.581545487177756,5305.699360967383,No
219,Female,0,53,One year,DSL,74.46167767506961,1482.5287240484208,No
220,Male,0,0,Month-to-month,DSL,108.72582251320611,3778.9323936872615,No
221,Male,0,19,One year,DSL,45.16687816931298,1393.2400418032248,Yes
222,Male,0,33,Month-to-month,Fiber optic,78.60346207645233,2932.717987107314,No
223,Male,0,56,One year,DSL,22.487037095699314,3999.2094247529685,No
224,Female,0,12,Month-to-month,Fiber optic,118.75,3536.8224390843975,No
225,Female,1,53,Month-to-month,Fiber optic,72.88293150036169,5317.637143985577,No
226,Female,1,52,Month-to-month,No,52.37490528499601,3454.78361114829,No
227,Female,0,51,Two year,DSL,55.83398888908647,2342.639742209457,No
228,Male,0,5,One year,Fiber optic,49.447850947118496,553.6246187897616,No
229,Male,0,35,Two year,DSL,50.986954559882854,1194.7068081859954,No
230,Female,0,24,Month-to-month,Fiber optic,18.25,4114.576464978887,No
231,Female,0,57,Two year,Fiber optic,61.85123146388766,18.8,No
232,Female,0,54,Month-to-month,DSL,60.589651713768056,4784.759349533397,Yes
233,Male,0,2,One year,Fiber optic,79.50871227154036,1641.9283168510678,No
234,Female,0,27,Month-to-month,Fiber optic,49.053373232110054,424.0390206117213,No
235,Male,0,67,Month-to-month,DSL,41.59180694435522,18.8,No
236,Male,1,37,Two year,DSL,64.56597417196545,3807.117402279245,No
237,Male,0,33,Two year,DSL,18.25,2245.822692281681,Yes
238,Male,0,12,Two year,DSL,69.11703794479098,,No
239,Female,0,4,Month-to-month,DSL,18.25,18.8,No
240,Male,0,59,One year,Fiber optic,98.53664132980695,968.8812301418186,No
241,Male,0,16,Month-to-month,DSL,85.39652566538933,2070.026855683281,Yes
242,Female,0,56,Month-to-month,DSL,36.9218051196372,575.2926181641296,No
243,Female,0,30,Two year,Fiber optic,84.7002542014749,2292.8648929453257,No
244,Male,1,64,Month-to-month,Fiber optic,68.15657815004182,3002.988736697566,No
245,Female,0,65,Two year,No,34.42879204434571,3376.8412858679912,No
246,Female,0,32,Month-to-month,No,18.25,5691.974718584189,No
247,Male,0,3,Two year,Fiber optic,74.32471407113621,18.8,No
248,Female,0,54,One year,DSL,40.89211640123545,3044.364884973414,Yes
249,Male,1,23,Month-to-month,Fiber optic,97.758584047852,813.0275708132147,No
250,Male,0,31,Month-to-month,Fiber optic,65.22241538984372,3253.4103191334425,No
251,Female,0,46,Two year,Fiber optic,43.74256083543075,3256.3987342760047,No
252,Female,0,15,Two year,DSL,118.75,42.640677595537454,No
253,Female,0,20,Month-to-month,Fiber optic,82.15103942735045,236.98879159115745,No
254,Male,0,66,One year,Fiber optic,18.25,3438.383181822057,Yes
255,Female,0,30,Month-to-month,Fiber optic,50.159607759394916,2332.0346213462,No
256,Male,0,13,One year,Fiber optic,23.13892134042605,1781.3369089021846,No
257,Female,0,5,Two year,DSL,40.7260820746187,3769.99815627009,No
258,Male,0,68,Month-to-month,Fiber optic,60.443554792552064,3937.0740663035904,No
259,Female,0,28,One year,Fiber optic,75.45686010848513,1078.8581646179414,Yes
260,Male,1,54,Month-to-month,DSL,72.66710883761857,348.24759010209505,No
261,Female,0,36,Month-to-month,No,97.24397960460054,18.8,No
262,Female,0,58,Two year,No,83.96161116301087,2354.807036376565,No
263,Female,0,35,Month-to-month,DSL,82.0998825666777,18.8,Yes
264,Female,0,58,Month-to-month,DSL,70.86491892631156,2504.304886346991,No
265,Female,0,63,Two year,Fiber optic,103.53264546704963,5036.352169367779,No
266,Male,0,42,One year,Fiber optic,55.28007604995338,1478.06016053128,No
267,Male,1,41,Month-to-month,Fiber optic,56.06187161107076,1063.9611002959891,Yes
268,Female,0,59,Month-to-month,Fiber optic,18.25,6806.116257039111,No
269,Male,0,61,Month-to-month,No,96.59053771868207,5699.984322279206,No
270,Male,0,63,Month-to-month,Fiber optic,62.48453475104745,546.4212253214314,Yes
271,Female,0,57,One year,DSL,118.75,2594.0038682796376,No
272,Female,0,1,Month-to-month,Fiber optic,52.59346597795002,3023.7848971607555,No
273,Male,1,70,One year,Fiber optic,67.46620169544373,2740.49451789752,Yes
274,Male,0,7,Month-to-month,No,81.24979910361324,6391.050032517177,No
275,Female,0,55,Month-to-month,DSL,31.63281081303974,2476.6629362224066,No
276,Female,0,35,Month-to-month,Fiber optic,75.59228618776476,2816.5742281798844,No
277,Female,0,68,One year,Fiber optic,65.84330910492127,3839.5087608017784,No
278,Male,0,12,Month-to-month,Fiber optic,55.65898549072718,4975.3580765640145,No
279,Female,0,38,Two year,DSL,100.09537915816449,4402.013574293103,Yes
280,Male,0,5,Month-to-month,No,37.59716359088926,3498.3001257821743,No
281,Female,0,18,Month-to-month,Fiber optic,73.07455360377486,18.8,No
282,Female,0,24,Month-to-month,No,108.58539517068988,1172.8799172836068,Yes
283,Male,0,2,Month-to-month,Fiber optic,43.53068514571541,4135.808455527143,No
284,Female,0,52,Two year,Fiber optic,55.8637319209618,2846.4034480349064,Yes
285,Male,0,27,Two year,No,118.75,4151.007484242809,No
286,Male,0,25,Month-to-month,No,79.07917106119731,6555.318295747048,No
287,Male,0,46,One year,No,49.56345595305721,18.8,Yes
288,Female,0,7,One year,DSL,88.95900527836218,4857.504456107186,No
289,Female,0,56,Two year,Fiber optic,47.70038409711012,1530.396393989432,No
290,Female,0,54,Month-to-month,DSL,18.25,4398.502690476544,Yes
291,Male,1,0,Month-to-month,DSL,106.10815475248162,2185.593795527846,No
292,Female,0,39,Month-to-month,DSL,31.597916149656463,7098.792285131528,Yes
293,Female,0,22,Month-to-month,Fiber optic,118.75,2573.7769975690985,No
294,Female,1,53,Two year,No,50.07109549858761,827.5947676093485,Yes
295,Female,0,41,Two year,Fiber optic,118.75,3230.4358952461457,No
296,Female,0,49,Month-to-month,No,23.603000837546254,3013.0543411075996,No
297,Male,0,3,Two year,DSL,95.6673569466142,4857.928015254274,No
298,Female,0,7,Two year,No,79.84176081683796,3294.287641638761,Yes
299,Female,0,35,Two year,DSL,90.01616138921007,7887.49647235764,No
300,Female,0,9,Two year,Fiber optic,93.93748347095544,2026.5582291784508,No
301,Male,0,29,One year,Fiber optic,49.81787121733672,2053.2611937974466,No
302,Female,0,15,Month-to-month,No,25.40380035570974,910.594210579779,Yes
303,Male,0,29,Two year,No,63.26737631678954,2473.1244547105653,No
304,Male,0,63,Month-to-month,DSL,71.51321075331253,2802.579968373974,No
305,Female,0,10,Month-to-month,DSL,50.5974769032193,2916.2230608800187,Yes
306,Male,0,33,Month-to-month,Fiber optic,73.15437450181184,2431.2472726694023,No
307,Male,0,54,One year,Fiber optic,74.72172848835969,897.1451228959411,No
308,Male,1,3,Month-to-month,Fiber optic,37.408203959029635,281.14681976538304,Yes
309,Female,0,48,One year,DSL,76.68863557888301,1428.8563395226292,Yes
310,Male,0,43,Month-to-month,Fiber optic,56.75691808679116,4865.724338092767,No
311,Female,0,30,Month-to-month,DSL,43.73057490387853,5353.508087323692,No
312,Female,0,47,Month-to-month,DSL,88.4999916605422,2104.598360425974,No
313,Male,0,25,Month-to-month,DSL,41.41256452802431,145.3729979848158,No
314,Male,0,69,Month-to-month,No,51.054305543867734,2095.060599022151,Yes
315,Male,0,11,Month-to-month,DSL,66.96873059061834,7018.713876322,No
316,Female,0,44,Month-to-month,Fiber optic,106.16677978169258,4542.661114827462,Yes
317,Female,0,7,Two year,DSL,70.60280073950136,3526.9829390127525,No
318,Male,0,8,One year,Fiber optic,80.70147880748749,4460.4440220411225,No
319,Male,0,0,One year,No,55.84095966650546,5769.923941299415,No
320,Female,0,4,Month-to-month,DSL,62.43746230627214,18.8,Yes
321,Female,0,70,Month-to-month,No,63.328795271060216,1390.6376575323197,Yes
322,Female,0,53,One year,No,73.62851770411244,1080.916779991776,No
323,Male,0,23,One year,Fiber optic,55.89137605124736,3609.4012237628485,No
324,Male,0,25,Month-to-month,DSL,105.1339965528339,2641.8112781893274,No
325,Female,1,9,Month-to-month,No,53.56769622108553,3992.8013847021984,Yes
326,Female,0,60,Two year,No,18.25,1130.3932652008732,No
327,Male,0,39,Month-to-month,No,118.75,5387.8433468389685,No
328,Female,0,43,Month-to-month,No,54.94620240259306,2121.889817333682,No
329,Male,0,11,Month-to-month,Fiber optic,104.32641059144956,3852.840220737243,No
330,Female,0,21,Two year,Fiber optic,107.08420434298873,4987.791126559381,Yes
331,Female,1,26,One year,Fiber optic,93.2509507987365,4805.871698911598,No
332,Female,0,66,Month-to-month,Fiber optic,58.83938069011818,3096.637173438471,No
333,Female,1,68,Month-to-month,Fiber optic,73.42921307821771,4135.640089862847,Yes
334,Male,0,13,Month-to-month,Fiber optic,26.43724269992169,6225.603064561202,No
335,Female,0,24,Month-to-month,Fiber optic,118.75,3442.8203961866607,No
336,Female,0,51,Month-to-month,No,39.16063945470164,625.6212529284599,No
337,Male,0,58,Month-to-month,DSL,57.157581021499645,3600.1929563641634,Yes
338,Male,1,37,Month-to-month,Fiber optic,67.77949325991155,2194.5207599676082,No
339,Male,0,19,Two year,DSL,61.566063379407495,18.8,No
340,Female,1,19,One year,DSL,45.02811420296884,3325.887521711208,No
341,Male,0,55,Two year,Fiber optic,106.76960546684612,2543.3303729353656,Yes
342,Female,1,29,Month-to-month,No,93.40340643299722,4899.442670213195,No
343,Male,0,40,Two year,Fiber optic,74.49362085020336,579.2877721314978,Yes
344,Female,0,70,Two year,DSL,52.77345301449782,18.8,No
345,Male,0,62,Month-to-month,Fiber optic,96.83470374251857,2661.2308274242146,No
346,Male,0,68,Month-to-month,Fiber optic,50.819494153395276,3140.4819603139413,No
347,Male,0,28,One year,Fiber optic,112.06879439416825,2491.625454243699,Yes
348,Female,0,43,Two year,Fiber optic,68.14774955605117,2325.925877231124,Yes
349,Female,0,56,Two year,DSL,101.81642396187871,18.8,No
350,Male,0,23,One year,Fiber optic,61.37400818187414,1964.213767614824,No
351,Female,0,18,Month-to-month,Fiber optic,66.95314877943242,1489.5123903429953,No
352,Female,0,16,Month-to-month,Fiber optic,101.68517394990586,4709.758006579019,No
353,Female,0,68,Month-to-month,DSL,118.75,3138.5512748933716,Yes
354,Female,0,60,Two year,No,111.76704120689692,1649.0585221253882,No
355,Female,0,3,Two year,DSL,91.20175204327329,6185.323129973987,Yes
356,Male,0,21,Month-to-month,DSL,82.53743133202366,1669.655205696789,Yes
357,Female,1,5,One year,Fiber optic,49.540844423185256,3542.9447163260456,No
358,Male,0,29,Month-to-month,Fiber optic,73.68641520727353,1900.7562580866863,No
359,Male,0,10,Month-to-month,DSL,37.317219561698366,5975.191599053457,No
360,Male,0,47,Two year,Fiber optic,76.1110422239117,2475.8242519936425,Yes
361,Female,0,45,One year,DSL,78.04552488687656,2542.7946404002664,Yes
362,Female,0,26,Month-to-month,No,18.25,1962.053767021031,No
363,Male,0,18,Month-to-month,Fiber optic,65.96603213667038,2724.2960243187526,No
364,Male,0,58,Month-to-month,DSL,77.28773446258207,4997.152742376162,Yes
365,Male,0,67,Month-to-month,DSL,62.28033330011543,4195.682152055502,Yes
366,Male,0,53,Month-to-month,Fiber optic,75.57727004958278,2342.6206264092434,Yes
367,Female,0,16,Month-to-month,Fiber optic,24.414160474974942,6134.202691230777,No
368,Male,0,49,One year,No,41.44648440263621,4257.1854632822615,No
369,Male,0,39,One year,No,95.95163871123437,1286.0815838988065,No
370,Female,0,10,One year,Fiber optic,64.81720713593788,18.8,No
371,Male,0,13,Two year,No,75.03035733757875,1338.5787251289719,Yes
372,Female,1,12,Two year,Fiber optic,48.349713062671775,3215.6483321948726,No
373,Male,0,27,Two year,Fiber optic,65.38677010063337,,Yes
374,Female,1,43,Month-to-month,Fiber optic,18.25,5358.805990362375,No
375,Female,1,62,Month-to-month,DSL,90.26495934646506,18.8,Yes
376,Female,0,60,Month-to-month,DSL,118.75,1283.8740132765274,No
377,Male,0,16,One year,No,32.74297176863931,18.8,No
378,Female,0,49,Two year,Fiber optic,36.496001155962,18.8,No
379,Male,0,25,One year,No,78.07048493694822,856.3627216697803,No
380,Female,0,6,Month-to-month,DSL,109.16376664425306,3109.7433455702517,No
381,Female,0,15,One year,DSL,64.73687074677336,4026.979789461456,Yes
382,Female,0,16,Month-to-month,Fiber optic,27.797527573543626,130.02959439528513,No
383,Male,0,34,Two year,Fiber optic,58.52062117720001,445.1807666685145,No
384,Female,0,22,Two year,No,33.79904438261504,18.8,Yes
385,Female,0,68,Two year,DSL,44.66772658464983,2764.722103955672,No
386,Female,0,8,Month-to-month,Fiber optic,55.648362915485166,619.9732481343071,No
387,Female,0,17,Month-to-month,Fiber optic,36.827329893927015,6047.4291030280465,No
388,Male,0,47,Month-to-month,Fiber optic,41.385037702345585,3207.6267400059814,No
389,Male,0,71,Month-to-month,Fiber optic,67.04347340668953,1890.5039453269476,No
390,Female,0,65,Month-to-month,Fiber optic,71.27257794533062,826.2392391842709,No
391,Female,0,22,Two year,Fiber optic,21.938191951988884,18.8,No
392,Female,1,9,Month-to-month,DSL,76.73108984753105,18.8,Yes
393,Female,0,37,Month-to-month,No,53.303790719744924,869.2285969395425,No
394,Male,0,58,Month-to-month,No,86.47987185893352,695.2860693329255,No
395,Female,0,67,Month-to-month,Fiber optic,88.29297537270457,18.8,No
396,Female,0,42,Two year,Fiber optic,48.40931045325303,3133.4966523843523,No
397,Male,0,11,Month-to-month,Fiber optic,83.28584559053577,3444.3258324120707,No
398,Female,0,52,Two year,No,39.60762320506522,1239.7389877142841,No
399,Female,0,13,Month-to-month,DSL,104.64523809134224,6664.055039889209,Yes
400,Male,0,51,Two year,Fiber optic,40.746000354220406,18.8,No
401,Female,1,71,Month-to-month,DSL,75.41776321962794,2410.7993950711484,No
402,Male,0,60,One year,DSL,59.15296474620717,1783.6972575367613,Yes
403,Female,0,40,Month-to-month,Fiber optic,34.19147512144821,1031.1118014621964,No
404,Male,0,20,One year,No,91.91756442973781,698.0959909344074,No
405,Male,1,47,One year,Fiber optic,46.31463255310959,2263.228905320597,No
406,Female,0,55,Month-to-month,Fiber optic,18.25,1767.9539432889626,No
407,Female,0,34,Month-to-month,Fiber optic,18.25,1391.0077895629402,No
408,Female,0,43,Two year,No,38.46115469771807,18.8,No
409,Female,0,38,Month-to-month,Fiber optic,106.2148434208991,18.8,No
410,Male,0,14,Two year,DSL,102.65792787186015,1625.221667206849,Yes
411,Female,0,11,One year,No,43.17018808933928,1367.8502272108624,No
412,Female,0,7,Month-to-month,Fiber optic,53.528907067488475,1832.5144746127085,No
413,Female,1,66,Month-to-month,DSL,50.806116425763705,2032.8630059823731,Yes
414,Male,0,0,Two year,Fiber optic,24.66369242196798,1095.0096932935348,Yes
415,Male,0,41,One year,Fiber optic,36.24016066413737,1797.6847776279462,No
416,Male,0,30,Month-to-month,Fiber optic,94.33260053396363,344.9048538374816,No
417,Male,0,29,One year,No,79.96702492851995,5732.2612035639995,No
418,Male,0,42,Month-to-month,DSL,73.01997464174966,466.78882429217106,Yes
419,Female,1,25,Two year,DSL,24.612086989008155,1438.3577123515383,No
420,Female,0,11,Month-to-month,DSL,67.83116674242272,638.8946038679467,No
421,Female,0,58,Month-to-month,DSL,18.25,600.84222989569,Yes
422,Male,0,68,Month-to-month,Fiber optic,90.16836100694204,2334.837790001587,No
423,Female,0,10,Month-to-month,Fiber optic,72.58310451218796,2047.3372804050948,No
424,Male,0,46,Month-to-month,No,24.308503191795104,1237.8627554097736,No
425,Male,0,22,One year,No,113.45440928045021,1636.64340313793,No
426,Male,1,42,Two year,Fiber optic,18.25,647.902493449249,No
427,Male,1,38,One year,DSL,80.76221608571302,3189.3102950874795,No
428,Male,0,54,Month-to-month,Fiber optic,81.51067024625772,6936.066754710558,No
429,Female,0,17,One year,Fiber optic,27.48591977549033,296.6096657895273,No
430,Female,0,41,Two year,DSL,63.66069420661548,3171.7206649826144,Yes
431,Female,1,25,Month-to-month,Fiber optic,18.25,2380.8543366089293,No
432,Female,0,17,Month-to-month,DSL,18.25,3794.1150319284484,No
433,Male,0,40,Month-to-month,No,32.65692556935707,3857.932848484098,No
434,Female,0,41,Month-to-month,Fiber optic,46.23958923791389,2744.465171897485,No
435,Female,0,32,Month-to-month,No,84.19211104240483,2188.766574523184,No
436,Male,0,42,Two year,Fiber optic,66.82898336033067,1294.5358475966204,Yes
437,Male,0,13,Two year,Fiber optic,67.615718327523,545.5998398558322,No
438,Male,0,54,Month-to-month,Fiber optic,34.26590913916409,2059.5477322832558,Yes
439,Female,0,57,Two year,No,48.84665974835426,18.8,Yes
440,Female,0,9,Month-to-month,Fiber optic,36.80920904293825,933.322326393816,No
441,Female,0,27,Month-to-month,No,27.928282388402764,4787.13031305484,No
442,Male,0,13,One year,DSL,46.929647247683555,2502.22869296658,No
443,Male,0,25,Month-to-month,DSL,67.04282279139964,4301.777573307956,No
444,Male,0,16,Month-to-month,DSL,47.56358056533148,5609.213047167988,No
445,Male,0,33,One year,No,55.06256965030831,1877.8512528970243,No
446,Male,0,13,Two year,DSL,85.71693580843285,2748.8003402827917,No
447,Male,0,25,One year,No,49.72729199740982,1595.0172038498558,No
448,Female,0,33,Month-to-month,Fiber optic,24.64760440726446,437.6353467622762,Yes
449,Male,0,23,Month-to-month,DSL,81.7599510001973,119.57392435277097,No
450,Male,0,69,Month-to-month,Fiber optic,72.80207442009936,4189.57874430365,No
451,Male,1,19,Month-to-month,DSL,74.69265089498666,2751.7494175804786,Yes
452,Male,0,38,Two year,Fiber optic,83.63774359182486,6463.402561335666,Yes
453,Male,1,44,One year,Fiber optic,78.54490997196915,4481.669861285537,No
454,Male,0,33,One year,DSL,65.66473364338626,622.0713657105903,No
455,Male,0,21,Two year,No,118.75,4183.215380393864,Yes
456,Male,1,70,Month-to-month,Fiber optic,26.12244073631117,1587.6988283942894,No
457,Male,0,32,One year,Fiber optic,47.14883991749439,5036.404100886317,Yes
458,Female,0,5,Month-to-month,No,93.91676437681282,1176.9674341673162,No
459,Female,0,15,Month-to-month,DSL,69.09184739207679,18.8,No
460,Female,0,71,Month-to-month,Fiber optic,87.61348332373828,475.818995378846,Yes
461,Female,0,22,Two year,Fiber optic,69.90966852905983,591.5893311278055,No
462,Male,0,17,Month-to-month,Fiber optic,106.15910218991544,,No
463,Female,0,13,Month-to-month,DSL,34.473923245439295,981.4696474788282,No
464,Female,0,49,One year,DSL,105.20804267114195,4220.263778156988,Yes
465,Male,0,60,Month-to-month,Fiber optic,100.04699444544842,6348.836175931174,No
466,Male,0,35,Month-to-month,DSL,28.37029766166556,18.8,No
467,Male,1,14,One year,DSL,83.78302883761896,5142.120555059917,Yes
468,Male,0,4,Month-to-month,DSL,63.50449803967865,1196.5233796019447,No
469,Female,0,52,Two year,Fiber optic,46.541881224516175,3067.301815704262,No
470,Male,0,47,One year,DSL,18.25,18.8,Yes
471,Male,0,10,Month-to-month,Fiber optic,34.37450849936876,3466.4633493034435,No
472,Male,0,1,Month-to-month,No,86.11417541955612,18.8,No
473,Female,1,23,One year,Fiber optic,89.29662220474276,2990.3768738548347,No
474,Female,0,67,Month-to-month,No,58.45761453465723,2861.942202568476,No
475,Male,0,11,Month-to-month,Fiber optic,89.39125280861285,2711.823299313529,No
476,Female,1,58,Two year,Fiber optic,93.25232834461353,613.693598665782,No
477,Male,1,66,Two year,DSL,69.45466275465306,3524.2274442575726,No
478,Female,0,31,One year,DSL,43.05775792210885,3165.190700338281,No
479,Male,0,35,Two year,DSL,78.0757287957509,1803.2469922692228,No
480,Female,0,20,Month-to-month,DSL,79.45823970053178,3801.4127960589894,Yes
481,Female,0,69,Month-to-month,No,85.08572614954433,2062.361003882565,Yes
482,Female,0,65,Two year,No,90.84863842706741,3477.2090420872546,No
483,Male,0,8,Month-to-month,DSL,23.798846385171224,1993.7574441249917,Yes
484,Female,0,43,Month-to-month,Fiber optic,49.45112971449116,2770.046711854219,No
485,Female,0,58,One year,Fiber optic,18.25,3581.322184476544,No
486,Female,0,23,Month-to-month,Fiber optic,87.28458075449595,1377.3301081815328,Yes
487,Male,1,62,Month-to-month,Fiber optic,58.40942541578947,18.8,No
488,Female,0,40,One year,DSL,77.76750352799219,2904.5950265721185,No
489,Male,0,1,Two year,Fiber optic,20.38206967947623,4974.160863936899,No
490,Male,0,27,Month-to-month,Fiber optic,106.96952357576082,2956.8761047215726,No
491,Male,1,15,One year,Fiber optic,28.850391144959822,2999.9104851019806,Yes
492,Male,1,58,Month-to-month,Fiber optic,88.11435546191201,2183.4289426786127,No
493,Male,0,0,Month-to-month,No,68.3503001438655,3953.842867184073,No
494,Female,0,0,Month-to-month,No,59.097772396462005,1857.670347031434,No
495,Male,1,30,Month-to-month,Fiber optic,56.66818079097356,1250.4653619665312,Yes
496,Female,1,21,One year,DSL,45.59430341958448,4783.605841014446,No
497,Female,0,58,Month-to-month,Fiber optic,103.78540492471313,1076.8001707487822,No
498,Male,0,27,Two year,Fiber optic,65.1796463140025,4294.541164659663,No
499,Male,0,26,Month-to-month,DSL,26.59643193636807,4785.049756796168,No
500,Male,0,0,Two year,Fiber optic,53.24279791875131,3563.40716805263,No
