Id,LotArea,LotFrontage,YearBuilt,OverallQual,GrLivArea,BedroomAbvGr,FullBath,GarageArea,TotalBsmtSF,Neighborhood,GarageType,SalePrice
1,189358,56.9959602959526,1909,2,1848,1,2,394.7429852372946,930.9499931150866,NridgHt,Detchd,78071
2,32747,62.90349478101914,1966,6,1789,1,2,468.71417987548585,1324.6647658788909,NoRidge,Detchd,219135
3,121145,86.99511665188673,1910,2,1330,2,2,158.50002505464613,1180.1395100618065,StoneBr,,113203
4,30321,66.11968174685211,1925,3,1463,5,1,236.7240314095032,1588.0970144634327,NoRidge,Attchd,266472
5,135785,64.71871582307932,1981,1,2004,4,2,113.75332885741534,262.22703210595,StoneBr,BuiltIn,461088
6,110159,,1983,3,850,3,2,703.5836755852791,1072.9008304342522,NoRidge,Attchd,252647
7,162067,71.86641925534072,1923,7,1392,1,3,374.6553765912585,738.7676153718721,Timber,Attchd,169512
8,73244,86.65004609696247,1906,5,1806,3,1,756.9950667981886,829.763615199253,NoRidge,Detchd,159404
9,142216,86.79557735452038,1908,4,954,3,3,0.0,1302.7293841119674,NoRidge,Detchd,166406
10,139025,104.12070119883637,1949,8,334,4,2,804.2879212884391,426.5694427668499,Timber,Detchd,133455
11,118941,74.02280765270507,1932,8,2274,1,2,458.443101389156,1115.4465487037085,NridgHt,Attchd,200140
12,209201,30.142612117359576,1982,1,1504,2,2,545.7273412385808,1070.3629678913082,NridgHt,Attchd,114740
13,113545,90.59076639098424,1985,9,854,5,2,245.53025574080186,596.0721352884548,Timber,BuiltIn,84960
14,12763,102.39578702091019,1880,9,1998,3,1,585.840042631188,1126.3940018230555,Timber,Attchd,197532
15,57980,129.08068041243575,1890,2,1405,4,1,392.9823727441849,722.6781559878933,NoRidge,,182464
16,128426,104.84094113864377,1992,2,971,4,2,217.49379648232014,2021.6953535429611,Timber,Detchd,143968
17,198413,58.232838153746044,1976,8,1709,5,2,214.559400478986,1584.6633525535308,Timber,Detchd,108308
18,164593,74.49241665972602,1951,6,1542,5,1,210.7750065713878,1086.52712223143,StoneBr,Attchd,203152
19,119555,63.50495808303382,1897,3,1193,1,2,554.3712735005215,867.4623973534074,StoneBr,Detchd,121752
20,150530,,1911,2,1110,3,2,,1278.27809826578,NridgHt,BuiltIn,171140
21,198980,67.27635061992088,1896,5,976,3,1,122.01993627809492,1393.9219279204272,Timber,Attchd,366518
22,42628,100.85783445119354,1970,8,1901,5,2,552.0300960040696,1168.7398069167732,NoRidge,Attchd,234753
23,88998,31.85988917172807,1989,6,859,2,1,8.035882034629878,611.3502315316227,NridgHt,Attchd,104627
24,44063,45.938904822651466,1940,3,1096,3,1,757.4214287567365,964.9909706369198,NridgHt,Attchd,108648
25,18914,99.26783254159909,1942,9,1568,4,2,898.091863322476,1091.2477396860038,NridgHt,BuiltIn,192248
26,123952,104.88803617777484,1960,8,2280,5,2,192.14133343727798,1184.4307326645899,Timber,BuiltIn,104368
27,76962,54.172103000377184,1936,10,1584,3,1,698.2244351654052,1194.5664233512366,Timber,None2,81236
28,188455,109.61796026332522,1935,6,1823,1,2,547.7069725147779,1377.8353512505719,NoRidge,,223857
29,106709,93.42116999938604,1929,1,1568,5,1,365.99172321845407,1646.0152067481306,NoRidge,Detchd,205703
30,38710,63.573732734905796,1983,2,1990,4,1,375.9783019852147,1501.515467239556,NridgHt,Attchd,216653
31,147862,21.0,1994,4,2532,1,1,613.058358962763,1316.1504122654533,Timber,Detchd,200993
32,132268,29.967636551975048,1968,2,1285,5,1,464.4505293128599,504.8679479014547,NoRidge,Detchd,176255
33,5167,54.20375949736856,1977,3,1522,5,1,0.0,1577.8046804647097,StoneBr,BuiltIn,138820
34,129210,,1875,8,1606,3,2,916.6250822427539,1416.455988574963,StoneBr,Detchd,222408
35,19160,,2000,9,1793,1,2,565.6992758007481,944.7076287542997,NridgHt,BuiltIn,333623
36,73589,58.80521939423513,1897,6,1584,5,1,461.8696929051523,1070.0554345897522,StoneBr,BuiltIn,148052
37,83962,,1904,4,1229,4,1,319.2574267074434,1085.7900464315082,NridgHt,BuiltIn,120273
38,190270,,1898,2,1511,1,1,432.56245221538376,864.7959995750875,Timber,Attchd,114894
39,137380,64.75028768918034,1913,7,2791,3,2,744.6060733941549,289.6128381972935,NridgHt,Detchd,127915
40,95648,73.92721032805105,1942,10,1679,2,1,528.9863449928871,566.8377795704309,NridgHt,Detchd,196193
41,173071,69.27901223804412,1935,7,511,5,1,553.3301696318731,659.0433016664613,Timber,Attchd,76877
42,160587,29.818548421792734,1896,10,1307,2,2,205.67748739556544,193.12257596235747,NoRidge,Attchd,215665
43,34851,65.01852241073753,1943,9,1522,5,2,398.1791208874814,568.2761080001324,NoRidge,Detchd,234071
44,182234,69.45765200692234,1976,5,1441,3,1,483.9250224430765,1557.9865431447886,NoRidge,Attchd,88131
45,122859,93.75518430226026,2003,10,1479,3,2,622.0651974999139,1270.318151022552,NoRidge,Attchd,122289
46,76174,50.04865284063317,1883,4,1665,3,2,384.015331085968,630.737644170312,NridgHt,Detchd,186780
47,37741,,1929,10,1782,3,1,671.5639158116958,754.8698581135206,NoRidge,BuiltIn,170830
48,133770,83.5081599117185,1966,6,1650,1,2,228.10841341407541,,StoneBr,Detchd,222720
49,94483,66.43966770861229,1972,2,2014,1,2,,1585.7611044233515,StoneBr,Attchd,170990
50,103799,27.88485075109012,1979,2,729,5,2,452.11041591573087,1087.6808301866702,NoRidge,Attchd,300055
51,144685,94.2416564942467,1930,9,1382,1,1,148.67733726348388,1572.736187394536,StoneBr,Attchd,159109
52,104339,87.93138956863848,1988,7,1742,5,2,462.79045447135815,720.7681391946849,StoneBr,Attchd,122100
53,40139,75.49056112059236,1980,7,1649,1,2,348.32263259884655,1156.8110049330435,Timber,Attchd,118236
54,65536,70.96792962133945,1893,5,1172,1,2,775.5477916834864,409.7599742051592,Timber,,242802
55,86723,27.245802410760852,1936,7,1235,1,2,385.2052083128874,897.0634485093057,NoRidge,Attchd,183077
56,69483,88.5917592613618,1921,9,1073,4,1,548.086294402841,1069.325598643107,NridgHt,Attchd,233118
57,127664,105.67350503988102,1875,10,2027,3,2,209.55701567751703,317.2591440336946,NridgHt,Attchd,231206
58,76444,,1973,5,542,4,2,523.6257431904298,1317.3779768557424,Timber,Attchd,80650
59,123927,,1914,9,842,1,2,384.18008995755645,1390.7285167226082,Timber,Attchd,114666
60,19174,97.15498711228854,1976,1,1734,1,2,306.876832430853,1500.8812723640713,NridgHt,Attchd,120278
61,13913,,1875,3,1800,4,2,1079.4529376346127,2081.73438792038,NoRidge,CarPort,130534
62,56486,60.5405536155305,1938,7,683,5,1,397.36190784752796,1239.9375993246642,NridgHt,Attchd,152920
63,180509,36.50949656536792,1926,4,1843,3,2,,1028.867617186278,NridgHt,Attchd,269810
64,205657,68.43667994250669,1967,2,1609,5,2,666.0265988885294,353.68555882974397,StoneBr,Attchd,292204
65,24571,80.75962149832377,1936,3,1785,3,2,308.55669015343494,1229.0671174727722,NridgHt,Attchd,160919
66,75729,38.30876485551348,1946,7,1553,2,2,,1302.5910191341454,Timber,Attchd,163620
67,176403,,2001,8,1738,3,2,582.2085682630546,,NoRidge,Attchd,136440
68,123616,,1991,9,1756,5,2,525.3658912628053,951.6016665343993,NridgHt,Attchd,187491
69,83806,,1957,6,1762,3,2,964.4166136088828,1061.887208202914,StoneBr,Detchd,196187
70,173943,80.90806173005508,1933,10,1643,2,1,300.8864234008649,1289.4616700600184,Timber,Attchd,249797
71,129845,,1983,9,1470,2,1,802.0465287368314,1432.8899799981855,Timber,,248995
72,69042,67.08462355479892,1997,4,1473,1,1,574.0380461190712,821.4513524068855,StoneBr,Attchd,72039
73,6713,,1948,5,1635,2,2,667.6222172226462,1145.397403792489,Timber,Attchd,170211
74,65315,,1993,1,1948,4,3,546.0241555402534,1308.869876698911,StoneBr,Attchd,314725
75,183871,70.05917990770047,1879,9,2546,5,1,874.951353273256,977.198916809533,Timber,Attchd,151838
76,169208,80.21299106261874,1925,9,1792,4,2,,871.9780514579952,Timber,Attchd,285361
77,65448,47.63135647251517,2006,9,1713,4,1,579.4051310268808,1369.822377061817,Timber,Attchd,160048
78,76566,42.28254313201908,1954,3,2153,5,3,752.3712092821248,978.982734707406,Timber,Attchd,194033
79,48628,39.20627224647068,1974,10,1723,4,2,353.40766282675077,531.4793857994185,StoneBr,Attchd,114812
80,204745,59.913561421339466,1971,10,958,4,1,687.093448941492,1659.7655825999277,NridgHt,Attchd,116554
81,51004,119.48922767216463,1903,10,1130,4,1,469.01141330281143,580.1179625779096,Timber,BuiltIn,241835
82,72000,60.35016977344359,1933,8,2475,2,1,,1015.5116279438736,StoneBr,Detchd,257440
83,53840,78.75103249460922,1901,3,1140,5,1,162.3598301903242,1198.2542026046526,StoneBr,Detchd,182843
84,130722,83.3703510057039,1977,6,1814,5,2,453.56455565766754,1256.8364209166232,StoneBr,BuiltIn,110725
85,35570,43.80330138313217,1910,5,995,5,1,685.0494160233304,1131.4617781490447,NridgHt,,184119
86,74785,59.55743558530867,2004,8,2189,4,3,28.100513096951374,0.0,NoRidge,Detchd,299152
87,198954,,1893,3,1273,2,2,515.8963083735731,748.5964901675547,StoneBr,Detchd,363292
88,211498,80.27985794006615,1999,1,1558,5,2,663.9687068653703,1187.071462984228,StoneBr,Attchd,159393
89,211843,22.144128959698207,1900,9,1395,3,1,199.51872454126362,1009.1080815667245,StoneBr,Attchd,93140
90,124905,84.26584849497405,1913,10,1780,5,2,337.33114211517943,1281.621505772831,NridgHt,Detchd,253206
91,147448,,1931,9,1605,1,2,595.4865254976171,1505.436299032866,Timber,None2,162012
92,212075,57.404387288971236,1990,3,1992,3,2,654.5871207311853,1279.4357596089221,NridgHt,Attchd,263822
93,184248,,1948,2,1859,5,3,816.2770195505936,736.9620978308179,StoneBr,Detchd,202449
94,19762,106.55046218761105,1967,4,1662,4,1,347.52306852178714,820.5973356742508,NoRidge,Attchd,127062
95,103909,,1957,8,1856,5,1,298.46655315022974,1773.2023363894382,StoneBr,Attchd,185185
96,156626,98.29720517294237,1983,6,1882,2,2,,978.3710827751794,Timber,Attchd,305330
97,155623,35.417853570835675,1955,10,1306,2,2,,1015.1158082044416,NoRidge,Attchd,170442
98,160957,,1877,1,1266,5,2,581.5590986265366,1280.8355564960675,NoRidge,Attchd,119598
99,37087,57.01467025772608,1944,8,2329,4,2,940.1865792764743,1600.1403012262444,NridgHt,Detchd,95832
100,130095,76.76816768214546,1948,5,1885,4,2,634.0796604317236,661.345004970432,NridgHt,BuiltIn,132846
101,56631,,1902,6,1727,4,1,640.6198264244601,839.204734378311,Timber,,153546
102,94519,37.81452594486869,1910,5,1094,5,1,746.5061464198016,352.8607911237185,NridgHt,Attchd,251152
103,160225,48.70217529277259,1921,10,576,5,2,585.3216616674559,926.8927386423234,Timber,BuiltIn,115552
104,177362,30.563174083441936,1949,5,1361,1,1,641.6470659430336,1306.1734870633345,NoRidge,Attchd,336824
105,43518,,1997,3,1277,2,2,,897.0984283794888,NoRidge,Attchd,105974
106,118677,81.52778499700115,1980,4,1352,3,3,721.2319679040618,1829.5578732732442,NoRidge,Detchd,459737
107,193564,63.97510888342666,1959,5,1962,3,2,561.4850657982263,1108.0125546830604,Timber,Attchd,360779
108,187412,75.5407458430741,1886,2,2316,2,3,156.6932146131963,1012.1053379520283,NridgHt,Attchd,191430
109,86684,113.57385955828173,1922,6,2097,1,2,524.9899972430746,902.4122012545625,NridgHt,Attchd,93595
110,98792,62.896676962905744,1894,2,1196,2,1,8.69531041250508,460.0232052568348,NridgHt,Detchd,176954
111,46061,,1881,4,1797,1,2,625.7773746509965,1017.3441178810406,StoneBr,Attchd,154984
112,118481,,1944,1,1259,1,2,423.0199696746543,1214.3317231632686,NoRidge,Detchd,108673
113,215166,136.30442878555607,1984,4,548,4,3,880.7882707687587,1005.167377150178,NoRidge,Detchd,203255
114,142642,21.0,1948,7,1474,2,2,577.7810906436926,,StoneBr,Detchd,130139
115,171597,,1903,8,2176,3,1,670.774860479122,762.5731322181617,NoRidge,BuiltIn,135924
116,35279,85.69657538155555,1984,2,1339,5,1,248.46622448993796,510.56669215266163,NoRidge,Attchd,166765
117,149188,51.930270509729446,1936,3,1952,5,1,619.4989911576713,1010.3743843353594,StoneBr,Attchd,143753
118,97409,83.58571737543954,1972,1,1165,2,3,335.8991831630087,1153.8464391789491,NoRidge,Attchd,415433
119,119215,,1889,7,1876,5,2,706.3707823949311,982.9446356428464,NridgHt,Attchd,146024
120,101977,,1902,4,1387,1,2,233.67262363589688,1146.3433500324425,StoneBr,Detchd,215813
121,103188,42.82905206973618,1925,10,2314,5,2,496.49877351138366,1397.9460528192897,NoRidge,Attchd,191764
122,118516,74.1482154547925,1934,8,1350,1,2,225.21315956985,1396.2741476279502,NridgHt,Attchd,208337
123,133369,81.18443752032123,1872,5,1230,1,1,499.9233300458528,1433.3860293121043,Timber,Detchd,214797
124,172461,73.16293979707207,1880,9,2287,3,1,905.8121978841243,1498.3381252675115,NoRidge,Detchd,257393
125,196962,73.58589963810132,1991,6,1212,5,2,627.3513691748968,1275.2189721004056,StoneBr,Detchd,201268
126,146166,98.85834173870944,1963,10,1626,3,2,466.01750059139766,1213.4270391825733,NridgHt,Detchd,197950
127,49254,29.682262083882513,1961,2,1215,5,1,0.0,1909.9600698967276,Timber,Detchd,185202
128,55139,72.99921257900044,1987,1,2000,1,2,358.3629567172768,1401.0091056074239,Timber,Detchd,171176
129,205798,40.980444810897296,1927,1,2195,5,1,574.5758801920718,685.9716879482231,NoRidge,Attchd,125630
130,14169,88.18266248623145,1874,9,1160,3,2,,239.12242985493333,Timber,,176569
131,130739,49.88959402312682,2001,1,1801,4,1,778.4101530641763,951.1340558971343,StoneBr,Attchd,199251
132,86009,21.0,1925,3,1850,3,2,488.3091667644291,1331.2617496253806,Timber,Attchd,212496
133,153657,88.75521794193881,1908,2,1581,4,1,703.8193548479409,1477.9790971706552,NoRidge,Attchd,194449
134,30287,63.55908894498475,1968,4,2315,2,2,516.8487836071047,508.0418509580692,Timber,Detchd,164824
135,25551,78.55911078643845,1883,1,2311,3,2,413.9398213751556,1377.2162309357975,NoRidge,BuiltIn,176837
136,188138,104.24821366477748,1983,1,1067,5,2,372.136128235936,1555.1271627481997,Timber,Attchd,144980
137,52115,78.91362606237365,1949,4,2149,4,3,256.3990357990323,1324.235497384332,NridgHt,Attchd,205069
138,209662,74.06627401381476,1961,4,1780,5,1,707.6752212608792,1239.5034988811265,NoRidge,BuiltIn,165605
139,184834,68.86551089849367,1943,7,1643,4,1,381.4054465404007,998.696142735713,StoneBr,BuiltIn,194471
140,170211,42.46464439002372,1963,8,1393,3,2,584.7715241059506,855.0590938549173,StoneBr,Attchd,269989
141,211462,64.8340514057106,1878,8,736,3,2,360.49057358063806,1401.8548344352344,Timber,,136226
142,137861,117.37356588262199,1886,8,1663,5,1,241.2318144172439,1313.0893109365275,NridgHt,Detchd,229691
143,120623,60.99473847678645,1976,9,1676,3,2,591.8001334738718,913.3868365257983,Timber,Attchd,183340
144,157316,66.25567217384187,1943,1,2562,5,1,313.2053661958883,2172.9846870660776,Timber,BuiltIn,406075
145,130314,100.1700374105283,1945,9,1161,1,1,387.2957295984326,394.1982791757317,NridgHt,Attchd,165925
146,19445,33.009072138353005,1933,10,671,4,2,205.78066411828195,955.0943800197807,NoRidge,Attchd,238919
147,115635,84.88297722296647,1917,8,895,5,2,367.4716241619937,718.3566224203498,StoneBr,Attchd,182035
148,189536,31.866881924678808,1976,1,2350,4,2,478.1589340136095,1225.6532119072344,NridgHt,Attchd,103828
149,156799,79.58052920515503,1980,7,1279,1,2,,201.40496282204538,Timber,Attchd,146904
150,83994,,1932,9,2231,4,2,648.1004959223576,1614.2078938140435,NoRidge,Attchd,257301
151,142506,84.69760385915234,1992,4,1518,5,1,504.1414390160197,1498.3926970992766,Timber,Detchd,152167
152,178102,45.700615116294614,1914,9,1003,3,2,1133.6851555780415,1174.3685980301248,NoRidge,Attchd,74437
153,54668,57.159205967402315,1970,1,2565,4,2,563.7896257611346,920.7678009614308,StoneBr,BuiltIn,178662
154,77586,,1926,9,2206,4,1,101.60566747412395,1371.4600243984805,StoneBr,Attchd,116877
155,197667,,2004,6,1420,1,1,427.443162995122,1201.3021089964152,NoRidge,Detchd,190716
156,123415,88.13236625268406,1983,4,2038,2,3,445.9828963815882,1474.935263399566,StoneBr,Attchd,336473
157,71060,75.02007545653004,1962,5,1579,3,3,341.68291498661915,1003.2432148569296,Timber,Attchd,246125
158,33272,59.30195780967613,1887,7,1744,5,1,488.53871852655084,977.332825165686,NoRidge,Attchd,334528
159,141294,62.4314997272638,1928,10,2440,1,1,335.31302868911956,1530.1267263668785,Timber,Attchd,144525
160,182714,70.08411596004686,1973,4,717,5,1,544.2234369738438,1335.1776273473677,NoRidge,Detchd,170851
161,69156,64.71562926300636,1896,8,1326,5,2,64.54082946704375,,Timber,Detchd,119138
162,97125,87.5259940895908,1893,3,1530,4,2,717.8499129634698,1218.4809669021156,StoneBr,Detchd,137612
163,88384,61.089296091421986,1994,2,1690,1,2,135.24585950381214,1138.1334195817772,NridgHt,Attchd,124874
164,118629,,1958,1,859,1,2,416.5991118684614,1262.1024211513877,Timber,,107272
165,138449,91.84604035678866,1953,6,1996,3,1,316.2007471332048,1614.2888675829572,NoRidge,Detchd,312437
166,20404,59.86890006225302,1973,2,909,2,2,538.4668952041463,903.4068929412304,StoneBr,None2,78357
167,87828,57.031081113639786,1895,8,858,5,1,433.78640230263966,774.0412628998554,NoRidge,,312972
168,81695,21.0,1907,10,1383,3,1,526.8532424554428,1177.1946552006418,Timber,Attchd,297818
169,162256,45.05191915350569,1920,4,2510,3,2,,821.4529019338452,NoRidge,Attchd,220959
170,68000,49.872940512082934,1953,9,2849,5,1,637.4837036607298,657.1069701028509,NoRidge,Attchd,115845
171,36402,57.03686577980861,1919,4,1771,4,2,480.7697711326937,1493.1689009902564,Timber,Detchd,96080
172,55106,52.66865880090728,1968,4,1389,4,2,571.3346620606736,930.9164870751448,StoneBr,Attchd,145285
173,125074,93.59320356829484,1973,8,1597,5,1,892.4416090265368,236.9204126659546,StoneBr,Detchd,232318
174,37071,,1877,8,1690,1,2,645.1069950620924,1429.0154980728935,Timber,,181142
175,70947,53.18496711427417,1939,5,2284,2,1,410.18288206253544,864.6514890324747,StoneBr,Attchd,119183
176,78252,,1885,3,875,4,1,746.4629682014877,1310.668374712927,NridgHt,Attchd,286386
177,199516,,1901,2,2142,2,2,556.7404086553609,1532.6307321697213,NoRidge,Attchd,354892
178,88657,107.53581171632263,1981,9,765,3,2,266.9661818288481,1140.255207288263,Timber,Detchd,165243
179,211303,89.25176298790748,1879,9,1262,3,2,434.3254299010991,163.42453086603302,NridgHt,Attchd,189009
180,176510,41.96591314941164,1937,5,1513,5,2,157.93692421464385,194.94881562498972,NoRidge,Detchd,98940
181,58703,94.3280100608041,2003,8,1730,5,2,0.0,761.8128064363173,Timber,Attchd,153286
182,59305,99.32099534847889,1955,7,1513,5,2,269.9053776798688,1032.0399526593674,StoneBr,Attchd,221902
183,74149,42.589246313953275,1991,3,1606,4,1,499.2323486976212,1583.862156924097,Timber,Detchd,208513
184,131794,42.03600122178822,1924,5,1536,2,2,499.8588991391881,1184.8954694169527,Timber,Attchd,147671
185,42410,55.35008449844479,1970,9,716,3,2,170.92280338323656,,NoRidge,Detchd,162124
186,155333,36.035077126122204,1945,4,1816,2,2,0.0,402.26366216900465,NoRidge,Detchd,151286
187,26492,51.27307517385346,1971,3,1940,4,2,787.7431695046334,1110.247113765136,NoRidge,Detchd,161850
188,211886,60.39700996675016,2000,7,2219,2,1,493.3927275002901,861.438280709343,NridgHt,Attchd,214295
189,89021,82.09965667303554,1886,8,2484,2,2,805.9223632740773,1160.0060802182456,StoneBr,Attchd,82355
190,56948,,1893,5,1730,5,2,793.6984947228405,,Timber,Detchd,175619
191,71403,66.44748384316732,1919,8,2256,2,2,630.227868860621,,Timber,Detchd,208106
192,178019,,1988,5,1524,2,2,485.6567264820436,1080.908102121139,StoneBr,Detchd,144007
193,12286,38.60906200087895,1944,9,753,2,2,387.9027257621759,1435.204596906099,Timber,Attchd,149355
194,112816,84.2012254427677,1991,7,2019,1,2,626.7796559755079,1151.626450283283,NoRidge,Attchd,151094
195,44206,83.6649797637691,1888,5,1903,3,2,438.79041671115203,584.9459764379498,Timber,Attchd,149372
196,111497,55.19563381619884,1977,9,1515,3,2,346.8214778120559,1063.286656567933,StoneBr,Detchd,181347
197,78087,43.57227661301384,1954,5,1482,2,2,24.048397562183027,835.2569666343475,NridgHt,Attchd,190501
198,17111,107.34650650065001,1975,8,1765,5,3,455.2154639988465,1029.4442226473925,NridgHt,Attchd,78089
199,5990,75.92153082608637,1962,4,1337,5,2,707.6875699241718,682.9338578711909,StoneBr,Detchd,234912
200,51504,79.52723899180101,1920,9,1747,5,1,742.4937480975409,1125.1095412016045,Timber,Attchd,161105
201,193206,80.5635486567942,1930,6,1030,3,2,484.4016440608821,1191.180461056855,Timber,Attchd,391993
202,98349,41.14039123404897,2009,6,1089,4,2,282.81598497016057,1366.167108714184,NridgHt,Attchd,112325
203,130713,105.98263801640479,1901,3,821,2,2,666.1871850810232,1193.028515577412,Timber,Attchd,127885
204,138949,60.316049609338464,1956,3,2693,3,2,469.7117942035974,1774.5932846360474,NridgHt,Attchd,166816
205,11403,89.72900809429463,1892,4,1553,5,1,394.7454783685058,2019.3768711970235,StoneBr,,213438
206,147139,105.00238488224267,1905,1,2149,3,1,161.43420723431757,879.4105660295511,StoneBr,Attchd,82909
207,181128,71.95302476843679,1944,6,939,3,1,923.2049560664,1482.859759231628,Timber,Attchd,129855
208,28106,41.6445181903572,1969,1,1419,3,2,631.017268098955,1985.3094781017599,NoRidge,Attchd,229198
209,124616,21.0,1947,4,1804,5,1,654.097180834515,1494.2978478507664,NoRidge,Detchd,123817
210,134832,69.07802057675349,1956,7,2287,4,2,288.35881758786536,1371.9050138338603,NridgHt,Attchd,312958
211,162839,76.00346674558129,1955,6,1198,1,1,490.0664288425386,257.20482012280934,StoneBr,Attchd,150883
212,190941,,2005,8,1303,2,2,455.56031268466865,812.004665726492,NridgHt,Attchd,126255
213,182632,73.256450882966,1980,4,1099,2,1,640.3682467581862,876.0863659617482,StoneBr,Attchd,230940
214,18333,,1934,9,1451,3,1,763.9797496149884,1665.9767230888033,NridgHt,Attchd,344160
215,116756,93.85426697907124,1883,10,979,4,2,166.0778621656085,736.2624113335532,NridgHt,Attchd,213709
216,4998,,1873,8,760,5,1,243.01899403161522,1019.5205154919878,NridgHt,Detchd,299535
217,127240,68.91179983695848,2000,5,1650,1,3,611.1878999808716,1425.8809243102842,Timber,Attchd,353793
218,197882,65.7135920935947,2003,6,1867,1,1,364.2817170793163,716.4679855474469,NoRidge,Detchd,125125
219,179301,,1918,5,917,3,2,647.3830612252007,1179.5203717401728,StoneBr,Attchd,263332
220,12018,57.68357485782727,1923,6,1160,3,3,393.1653003022499,1122.3115245759795,NridgHt,Attchd,98363
221,210609,57.56883077213238,1918,1,1462,5,2,205.76222903555077,1442.0513449856132,NoRidge,,214438
222,23754,59.079451857464754,1970,4,2411,5,1,96.49920940030347,1346.2347729548596,NridgHt,Detchd,175832
223,82938,73.75038979886793,1921,9,334,5,1,576.6033748883951,1332.3811937619157,NridgHt,Attchd,297448
224,158117,49.66446333157272,1916,4,1748,3,2,581.8512163191477,1145.144689801938,StoneBr,Attchd,289154
225,135917,,1913,2,1871,4,1,680.6261688460406,321.2553287898929,Timber,Attchd,227232
226,213478,113.4061592109138,1942,6,1141,3,2,543.1649517504381,1118.3116740543715,NridgHt,Attchd,203859
227,188938,91.51358417210518,1928,2,1331,3,2,0.0,1081.2785373489926,StoneBr,BuiltIn,221718
228,179293,47.0300541456012,1904,3,1689,1,2,580.734899079239,1393.513146027541,Timber,Attchd,185446
229,61329,,1985,7,1499,5,1,161.10410259516806,871.334456543802,Timber,Detchd,176546
230,95267,,1915,4,2407,2,1,73.30834839382817,1075.3497981962494,NoRidge,,322173
231,108899,67.50593172450787,1985,1,1568,5,1,47.534911550799904,1089.2054738061365,NoRidge,Attchd,338057
232,11142,53.008649271846345,1927,9,1967,4,2,27.839773854639418,744.1885069006423,NridgHt,Attchd,170954
233,84875,50.2836613003543,1915,6,1751,4,1,532.7013138099488,550.7111101523919,NoRidge,Detchd,198962
234,90717,,1967,9,1879,5,2,316.52657244439536,1224.9354201973347,StoneBr,Attchd,186927
235,197105,49.69039210728382,1944,3,1106,5,2,147.91146767409128,1499.4079902110361,StoneBr,Attchd,94952
236,205143,96.3333119121238,1905,5,1620,3,1,477.93966692031466,782.6645264962679,NoRidge,,158140
237,130912,103.13935812292023,1885,9,1480,2,2,236.33028993988947,961.4000567252008,StoneBr,Detchd,343072
238,185954,68.97269205836578,1996,6,1138,3,1,,1421.172107678843,StoneBr,Detchd,134041
239,165871,97.33073948613111,1950,2,2000,1,1,783.3469460004137,1463.8250196512645,NridgHt,Detchd,421524
240,167607,60.122825240734045,1954,1,456,1,1,426.433121543227,1158.5957805891032,NridgHt,Attchd,289139
241,116520,52.85555720118113,2008,9,2222,4,1,767.7367187128121,1238.8345021497948,StoneBr,Attchd,212440
242,121437,96.40660432348575,1898,1,350,4,2,767.3764227796152,1290.5698790952827,NoRidge,,226421
243,156155,107.91680693453218,1921,5,1434,2,2,491.1060571545701,1369.1439173348979,StoneBr,Detchd,125358
244,23605,117.11579168781319,1926,1,2009,4,1,843.9590418534276,586.6468870383967,Timber,CarPort,162709
245,214238,77.9837217154506,2003,5,891,1,3,339.96433091983135,1898.6553607891306,Timber,Attchd,322022
246,15236,90.69064948455099,1969,5,1737,2,2,54.575395954403575,1177.2877131723708,Timber,Attchd,141492
247,43781,77.45481348318756,1908,7,1680,1,1,140.36309106754942,1377.3962975370418,NridgHt,Attchd,276583
248,80851,,2003,7,1686,5,1,330.1154838956504,722.5679348052779,NoRidge,Detchd,104297
249,91432,80.39881920254221,1908,10,1331,5,2,587.3406386422555,,StoneBr,Attchd,112033
250,156884,89.32201092788881,1983,1,1270,2,3,225.8679063065756,1222.4958447067754,NoRidge,Attchd,387073
251,79280,42.74995707513122,1883,9,690,3,2,328.378617366302,264.86500982378357,NoRidge,None2,180066
252,175240,64.45209339117586,1927,1,1460,4,3,205.6120314520332,661.399517522379,NoRidge,Detchd,145861
253,57152,89.52726756741366,1951,5,1996,2,2,333.2789751718119,738.5996748168546,Timber,Attchd,312047
254,132530,87.37534585766483,1885,7,1275,4,2,760.3398199340362,495.6784866991293,StoneBr,BuiltIn,297790
255,13218,91.57367703685863,1925,8,1301,1,2,549.5212406374706,1103.570309803412,NridgHt,Attchd,261481
256,214892,72.89571153258127,1936,2,2349,3,2,349.5242969492764,1024.4777113529428,NoRidge,Attchd,144041
257,97719,54.351471924753284,1987,1,1429,4,2,734.1808203619587,1682.0075090991197,NoRidge,Attchd,161304
258,123227,68.5852831955451,1929,4,1699,5,2,478.4923609314819,565.0234258473079,Timber,Detchd,204938
259,176569,71.12882473620408,1967,4,1796,5,1,,1160.0545381211923,Timber,Detchd,238846
260,164000,,1892,10,1428,1,2,717.5539070668561,670.6404955660166,StoneBr,Attchd,147623
261,191394,46.77122975475791,1875,6,1872,2,2,399.6790782125894,303.17549475334954,NridgHt,CarPort,193708
262,159062,63.61920194350485,1944,1,2034,4,2,669.0754590755655,1315.0458919101582,NridgHt,Attchd,201344
263,182781,67.8719773721409,1998,1,1989,1,1,653.8147293378352,1351.392934367976,Timber,Detchd,302707
264,48851,21.0,1917,3,2048,5,2,441.8533756410891,1299.3801028225532,StoneBr,Detchd,244654
265,42501,89.98011475297044,1883,5,421,5,2,174.21463036618047,479.0581948456801,NoRidge,Attchd,99021
266,178428,73.93638295937467,1999,6,899,5,2,475.71603752011964,1093.6948534037856,StoneBr,Attchd,166103
267,126550,76.36765289075726,1901,5,1244,3,2,716.3721947813201,1319.2412506027867,NridgHt,BuiltIn,124779
268,17910,57.62808853532126,1965,5,1097,3,2,648.4303668677544,1474.9983381270908,Timber,Attchd,227078
269,54185,84.07000901272608,1931,9,1136,5,1,838.9935836991051,1332.8213816794591,NoRidge,Detchd,261732
270,167958,50.033780225597496,1971,2,1982,2,3,368.05435579334323,1480.6938805959944,NoRidge,Attchd,188421
271,207470,,1942,1,1571,3,2,639.7703011646984,1525.5797504212655,NridgHt,Detchd,162521
272,122817,85.07992109780312,1952,6,1443,4,1,257.65442067867974,1103.0357495215112,NoRidge,Attchd,185996
273,91047,78.5718816674572,1982,9,1396,3,1,516.1389675770376,1275.8547543563402,StoneBr,Attchd,196689
274,205150,,1915,7,1304,4,1,709.5582547160062,1495.85824554219,NridgHt,Attchd,140052
275,157858,107.85690088211285,1979,8,1387,3,2,666.9748617038231,1228.265111299475,NridgHt,Detchd,111116
276,143963,51.79605631424447,1973,5,2243,5,2,495.05763097175475,1583.3598944467615,NoRidge,Attchd,79678
277,28499,66.81775468908786,1962,10,588,4,2,415.6368372118838,1440.9038881668225,NridgHt,Attchd,300345
278,134590,111.92289727844684,1980,4,2184,2,2,260.1061678469754,779.3538380555699,Timber,BuiltIn,220656
279,14452,21.0,1887,6,2719,3,1,,483.6660413822342,StoneBr,Detchd,209152
280,214348,29.049740320728645,1981,3,2180,3,2,192.61637791071166,1065.4760053302712,NridgHt,,300107
281,151854,,1878,1,995,5,1,399.5564736714138,538.4837266382328,Timber,None2,109494
282,89495,21.0,1960,4,1259,4,1,86.46823191726213,1093.4922340489904,NoRidge,Detchd,90360
283,101851,21.0,1966,9,2057,5,2,190.80521320186705,1053.7503481557142,NridgHt,Attchd,210977
284,186926,98.2037878310594,1887,4,1384,4,1,655.5004627191498,1628.1000332258686,Timber,Attchd,203439
285,19442,,1976,1,1249,3,2,631.6583355814255,1278.7225104984786,NoRidge,Detchd,90517
286,193510,122.70614942312358,1993,4,1461,3,2,411.1865625113586,1486.3135564380357,Timber,Detchd,208902
287,3222,,1960,7,926,3,2,486.86052097860124,842.0678466049887,NoRidge,,154156
288,169392,62.35643682710847,1933,3,1446,3,1,515.5636738827235,1728.5243724122702,StoneBr,Attchd,131003
289,199759,82.97513742828606,1901,10,881,1,2,,1449.3115141977505,NridgHt,Attchd,158331
290,167118,,1938,6,1894,3,3,548.6097753518624,1244.6453821286063,StoneBr,,68132
291,197602,63.88240922826772,1917,1,1071,3,2,186.92996204909707,263.9204206630329,StoneBr,Attchd,142809
292,130885,54.43695973738197,1914,4,1542,4,2,0.0,1574.466761666305,NridgHt,Attchd,136502
293,67719,75.55269578419097,1916,3,1281,3,2,255.38585048637003,,StoneBr,Detchd,226082
294,109275,103.04526126822039,1951,1,1715,3,2,439.97329956174195,1061.95465196738,StoneBr,Detchd,169824
295,150966,,1903,3,1946,4,2,678.4793052461107,1070.937704596845,Timber,Attchd,233599
296,191131,54.820758008556766,1879,4,1665,3,2,523.1529738160023,830.1787500120877,NoRidge,Attchd,65251
297,179277,,1984,5,1147,3,2,587.3565844477702,340.6681594975836,StoneBr,Attchd,129336
298,159041,53.37306429496101,1933,6,1219,5,2,281.0673330130443,810.2408173449464,NridgHt,Attchd,225982
299,75541,39.43017075122042,1891,2,2753,1,2,457.8640155025043,1785.4851599987537,Timber,CarPort,159894
300,107247,73.53782757585387,1972,2,2012,4,1,487.0137599238433,1530.6859880995426,NoRidge,Detchd,253723
301,62838,89.53086828962282,1877,6,1411,5,2,311.28515651201576,717.7808982024994,StoneBr,Attchd,87901
302,6992,68.28784003599033,1955,5,1213,2,1,244.1141801422531,803.0880535634101,StoneBr,Attchd,242379
303,149399,111.27440303030838,1979,1,759,2,2,424.49095570144783,1994.301001920327,NridgHt,Attchd,140106
304,117859,112.60994980371254,1875,3,2107,1,1,614.5045784965797,609.1518573106968,StoneBr,Detchd,134771
305,160064,,1942,5,1141,2,2,279.3403813725872,742.928196466809,NridgHt,Attchd,268937
306,201374,86.8465057714404,1955,2,2068,1,2,,868.4136575852364,StoneBr,Detchd,287959
307,204017,48.38900852873326,1971,1,1949,2,2,762.967781749104,460.833584080779,StoneBr,Detchd,273674
308,145441,61.340644147859734,1942,9,2225,2,1,361.86095947143815,821.0329910990256,NridgHt,Attchd,408919
309,172354,100.53448906639719,1904,5,1913,5,2,474.5585592287897,827.7066442393419,NoRidge,Detchd,300299
310,154435,56.097457185077396,1991,2,1404,2,1,450.37847067120276,660.9123046711863,Timber,Detchd,131615
311,194559,105.69711536839485,1964,10,1523,1,2,432.81259157458635,1639.9793433261725,NridgHt,Detchd,191467
312,176627,96.70153844979598,2004,4,1527,3,2,830.0543271674778,544.7619439196333,NoRidge,CarPort,156644
313,205927,88.03897506511258,1970,3,1373,3,3,538.4312081332889,994.6945195365795,NoRidge,Attchd,407359
314,30636,41.855322648168645,1937,7,662,3,1,136.98103065620552,671.9964895606912,NridgHt,,281465
315,121329,62.51232438231228,1925,1,383,1,2,800.0818471666414,964.8214309570226,Timber,BuiltIn,167755
316,16337,85.46101213225907,1951,10,1913,1,2,531.8100806962624,651.5988665110588,NridgHt,Detchd,257038
317,77092,46.34204621195128,1995,4,1420,3,3,393.05508617826473,1090.3177433778005,StoneBr,BuiltIn,110518
318,133287,65.43814606680165,1926,7,2019,2,1,761.7806962067086,1198.1222953260094,StoneBr,Attchd,199969
319,149847,88.05114277906331,1876,10,1315,3,2,306.36034789123687,1672.5578425988103,NoRidge,Detchd,124324
320,21691,56.36386652986491,1906,5,1514,4,1,840.1598198764492,798.6068017771615,StoneBr,Attchd,92076
321,214992,49.68509220955245,1964,4,2003,1,2,492.96676550945796,1767.2259316463433,Timber,Attchd,247614
322,61626,,1990,4,2331,4,1,688.1895932593221,702.7365409450679,NridgHt,Attchd,260212
323,184364,60.720779254856595,1925,2,1349,4,2,1129.4454518795433,952.5096236829368,Timber,Attchd,217227
324,10394,88.5563563074433,1874,8,989,1,1,511.53958930557235,1831.7207513219485,NoRidge,Attchd,168152
325,85753,49.05031179216405,1877,4,2151,3,2,452.2779733914028,2331.3913749138455,StoneBr,Detchd,109018
326,85614,70.42893055522497,1958,2,1364,5,2,244.65566461686703,1797.1261471872685,StoneBr,Attchd,113695
327,24821,64.61897747694239,1981,9,1260,4,3,447.1979222513881,958.8432086222018,NridgHt,Attchd,122774
328,110005,54.00103465676686,1927,10,1305,3,2,251.25924009279098,1283.0302287486331,Timber,Attchd,164776
329,26459,90.10493438502131,1873,7,1137,5,1,432.98875609386016,1356.6775908524587,Timber,Attchd,278253
330,143087,,1953,3,1921,4,1,1092.4624039212936,1208.6410565587669,NridgHt,BuiltIn,276503
331,207185,94.10411064740089,1965,7,812,3,1,498.5939622790198,614.5553649595244,StoneBr,Attchd,93562
332,66696,,1876,1,1568,4,2,354.510871592242,1159.9817030460772,NoRidge,Attchd,137107
333,154015,117.81677593230268,2009,1,1646,3,2,428.12033155991395,834.9337511979526,NoRidge,Detchd,135638
334,186122,94.03366984552157,1912,4,1200,2,2,384.8595205619692,631.86681868131,NridgHt,,65721
335,208551,59.023430344857026,1987,4,2348,2,1,697.3580008523081,920.3089030820338,NridgHt,Detchd,226899
336,169780,,1915,4,1986,1,2,453.691936049366,1195.4305156129026,NridgHt,Detchd,163955
337,134355,96.90494233227815,1961,9,1276,5,2,817.3020519904115,1496.6072009450245,Timber,BuiltIn,172915
338,80149,74.17046084697455,1904,6,1459,4,3,405.354753213075,945.5254719052077,StoneBr,Attchd,309949
339,72421,,1927,3,1984,4,2,419.1620347162441,1022.4902970303202,StoneBr,None2,187425
340,139554,66.4453844926748,1873,6,1557,3,1,281.08814145540344,1409.92495373776,NridgHt,Detchd,152287
341,102387,60.22727637084733,1872,2,2250,5,2,390.95627291608844,1088.112751138684,NoRidge,Attchd,227441
342,211515,50.22258115148709,1992,2,1812,4,1,102.01597111780893,1224.5011418153856,Timber,Detchd,276333
343,16816,94.35007007827522,1996,7,1647,5,2,17.220620653988476,1091.2281592931406,NridgHt,Detchd,203699
344,115152,,1904,3,1643,5,2,606.6800976915745,1145.9992111372237,Timber,Attchd,238349
345,200538,90.12499546142226,1974,7,3168,2,1,99.47570519691948,583.3082623813925,NridgHt,,170687
346,121857,89.7920894396683,1907,3,980,4,1,559.8766168251664,1110.7014152263719,Timber,CarPort,175093
347,106864,48.01519012701766,1955,2,940,4,1,365.8936741332159,1683.8315857354446,NoRidge,Attchd,189287
348,4436,55.51150547687206,1897,4,1388,1,2,674.0592000429715,1131.1872383908913,NoRidge,Attchd,133862
349,78900,105.0077805505039,2000,4,2252,5,1,104.19145396723405,690.9833365332411,NoRidge,Detchd,144147
350,76343,72.59229093853597,1961,3,334,3,1,601.0256741278123,1705.1966864417363,NoRidge,Attchd,313943
351,8209,,1917,9,515,2,1,543.9623902157191,1373.682166549265,StoneBr,Attchd,403930
352,22207,75.20666386229792,1913,6,1305,1,2,550.5784722102982,1393.9885876353687,StoneBr,Detchd,342044
353,40884,85.7149902800352,2006,5,2628,2,2,713.5143575147465,1382.0892848588983,Timber,Detchd,106565
354,36687,82.576994496885,1926,6,1528,3,2,488.0414323570747,562.5233960923515,NridgHt,Attchd,102526
355,68435,47.491129524120666,1927,8,904,1,1,0.0,1341.3863826864117,StoneBr,CarPort,112367
356,44036,115.28131742218127,1989,5,1946,2,2,569.1091314077428,1664.8527711395025,NridgHt,Attchd,190912
357,118272,33.98572990938993,1947,4,2387,3,1,541.4099390912751,846.1914425735288,Timber,Attchd,58825
358,156760,72.66151432392189,1934,7,1179,1,3,420.6502322291671,210.33857236021208,NridgHt,Attchd,142956
359,15745,111.67726846638598,1954,5,1753,3,1,292.86059775672055,1217.4859124861425,NoRidge,Detchd,317634
360,112782,84.19977001445068,1970,4,1597,1,1,395.7632648794372,1071.3762172654067,NoRidge,Attchd,268013
361,114240,,2003,5,1815,4,2,785.0247922029082,377.5967896351557,StoneBr,Attchd,147587
362,33786,44.72406041991675,1913,4,1274,4,1,276.13972126118523,1322.7611860021361,Timber,Detchd,152127
363,166875,78.3291149823249,1967,8,1845,2,1,100.5519445520049,1289.7983456299494,StoneBr,Attchd,227001
364,173621,69.12153609532128,1981,8,1955,5,2,158.79178499012193,413.3649204849694,StoneBr,Detchd,263003
365,82401,42.87893994005525,1941,1,1890,5,2,,1886.405870624229,StoneBr,Attchd,146175
366,188772,90.76171574739908,1899,3,663,3,2,830.5620133009434,1386.7422027526313,Timber,None2,164731
367,80486,50.332318272383944,1997,4,762,1,2,944.8380545247244,227.17577365433192,NoRidge,Attchd,144265
368,71226,53.177808827955346,1963,2,1153,4,2,612.1495430222028,1416.4813247918614,NoRidge,Attchd,106220
369,117842,80.38190373003636,1911,5,1655,5,2,263.01336699945665,1403.733644913364,StoneBr,Attchd,165697
370,175433,66.56210930451964,1913,8,1808,4,2,285.7303643497453,1678.188540221493,NridgHt,BuiltIn,160724
371,176211,,1989,2,961,3,2,660.4291883558606,783.1184922542349,NoRidge,Detchd,109267
372,25437,,1876,9,1685,3,1,757.9699820131175,1422.8200404163906,NoRidge,Attchd,234274
373,192086,103.91346024409701,1972,7,2011,1,1,335.61264318698625,953.1098135455057,Timber,Detchd,219508
374,205560,47.79926446627322,1932,6,1865,5,2,777.8324059101565,812.7031859090766,NoRidge,Attchd,238972
375,124745,58.8445892750557,1912,8,1273,3,2,423.87412297720385,677.2621464238813,NoRidge,,133064
376,5460,81.54811738190145,1982,2,1321,3,2,625.8567708856942,221.52013257755527,StoneBr,BuiltIn,81828
377,41102,46.28997199261555,1880,5,833,4,2,718.1299351236988,1294.2461371108584,StoneBr,None2,218108
378,143136,,1933,4,2428,2,1,155.90168031965328,937.1314527758459,Timber,BuiltIn,138714
379,67033,73.3058534560753,1925,8,1763,5,1,569.6078960381637,0.0,Timber,BuiltIn,126696
380,49010,90.81648109405306,1975,1,668,1,1,778.7295044191148,1090.0809327366362,NridgHt,Attchd,109424
381,6591,,1997,3,2158,1,2,353.0176856428185,1565.2947677907532,NoRidge,Detchd,162054
382,63835,72.20175702369477,1905,10,1860,4,2,246.89157278647193,483.233383439328,StoneBr,Detchd,340015
383,163091,,1913,8,2142,1,2,578.884083160641,744.169003040723,StoneBr,CarPort,147803
384,136282,76.6159167432222,1885,5,1221,3,2,501.55686171541186,1250.5646304335744,NoRidge,Attchd,116995
385,65064,83.58731940909689,1904,4,1295,5,2,,0.0,Timber,Attchd,234823
386,130757,,1989,6,1088,1,3,472.5264800686122,822.7139093589637,StoneBr,Attchd,193869
387,117017,,1969,5,2626,5,2,115.55708276824794,1209.1601834674275,Timber,Detchd,77504
388,61477,,1963,3,1251,1,2,559.5577190900158,810.6691772542158,StoneBr,Attchd,235803
389,106431,,1971,5,1013,2,2,813.8159410428357,487.1742746057623,StoneBr,Attchd,423878
390,197547,96.28838066556938,1958,4,1175,2,3,320.0593809862087,508.2110716337677,NridgHt,,63933
391,190186,34.64752406763367,1995,1,1344,5,2,295.7187768836336,349.282159660332,StoneBr,Attchd,110363
392,9488,57.05474255004399,1903,1,2331,2,3,509.92821321404915,779.0974591534218,NoRidge,Attchd,57896
393,168326,52.44303292656733,1972,7,1660,2,2,1082.0177743618467,1520.8745957255908,NoRidge,Attchd,175552
394,95150,32.45908236767276,1910,4,2162,3,2,708.3750205404424,2093.8700186917235,NoRidge,BuiltIn,268866
395,24574,65.50842868861807,1965,1,1664,1,2,452.84659606793,1072.8842182255173,Timber,Detchd,188719
396,22698,87.91105263732288,1881,6,1420,2,1,481.4741470631575,1394.2611253699665,StoneBr,Attchd,315720
397,77545,73.75186997250647,1971,1,967,5,1,729.5532313819842,643.9791094296986,Timber,Detchd,252214
398,157752,89.19049084724986,1929,8,2351,3,2,278.39369702877684,138.7648144230394,NridgHt,Detchd,357422
399,49568,98.60694322343136,1972,9,2035,2,1,,1869.8563848203185,StoneBr,Attchd,287765
400,112469,60.744837737307535,1935,3,2083,5,2,233.86462809664354,795.7516526800027,NoRidge,Attchd,153989
401,18060,133.52430455172953,1890,7,2000,1,2,670.9317392127683,1372.5129404409163,NridgHt,,185814
402,175246,61.710029822468,1972,5,1142,2,2,410.0937600661577,1126.5644602671807,NridgHt,Attchd,127815
403,66652,64.89925537975141,1988,3,1654,5,2,515.9485428019859,1493.6254177588821,StoneBr,Detchd,164975
404,125016,53.017107115149344,2007,5,2085,5,2,,1475.8488729050532,NoRidge,Attchd,185451
405,171510,83.08934754219217,1942,10,2010,4,2,,1178.92156313085,Timber,Attchd,174879
406,36891,63.0279179445526,1911,7,1597,5,1,435.61806984984776,1227.235950910088,StoneBr,None2,309501
407,30231,68.10658667404009,1884,7,2551,4,2,934.8059408100476,1589.3246314863886,NoRidge,Attchd,158537
408,86198,65.07488785057689,1972,9,1794,1,2,776.6376642176733,877.1448273072198,NridgHt,Detchd,124614
409,115380,,1995,8,2209,1,1,193.88222626721267,1739.9149680821365,StoneBr,Attchd,127767
410,119940,73.7988647055658,1953,4,1620,3,1,513.971613136086,746.2511073892365,NridgHt,Attchd,235121
411,157808,59.19463472712085,1959,5,1319,4,2,630.3232196456997,1090.618589798322,NoRidge,Attchd,103214
412,169705,,1976,5,2023,5,1,374.9539036810522,1333.2099576069295,Timber,Attchd,166931
413,209487,95.74843577490381,2001,10,1900,3,2,732.47001464787,341.82804629114344,Timber,Attchd,307680
414,5840,62.95546086684612,1887,2,1696,3,1,707.2552746047984,1663.6312877131631,NridgHt,Attchd,203384
415,71791,79.20525768897099,1885,7,1070,1,2,455.11761361672734,1265.9204663564665,NridgHt,Attchd,175601
416,50231,,1999,7,2045,5,1,682.980199191704,2506.1266615983704,NridgHt,Detchd,178340
417,190000,,1931,9,1098,4,3,0.0,1970.4240120789004,StoneBr,Attchd,119849
418,54322,40.41854650022367,1888,9,1923,1,2,763.5238767852443,1052.2144034893693,NoRidge,BuiltIn,128407
419,43366,114.50640240068387,1916,4,939,3,1,662.7128836441624,1840.872562386996,NridgHt,Attchd,167333
420,115795,103.01103226403328,1909,5,1070,2,2,240.23697332751078,1428.9806468305128,NridgHt,Attchd,201657
421,98291,84.29101583868848,1995,7,1668,3,2,526.9023970598711,1158.4560469774085,NridgHt,,264362
422,103762,121.62646528695589,1975,10,1818,2,2,39.375328567410634,328.5398803981309,Timber,Attchd,187745
423,43313,88.486865233195,1935,7,1628,1,2,309.6273425687667,432.0680731140684,NridgHt,Attchd,310806
424,198614,65.87258215242828,1992,10,1238,4,1,707.4668183496364,1058.9185404449222,NoRidge,Attchd,343827
425,206707,78.9404720102001,1877,8,2099,5,2,470.2530621012976,839.534928839214,Timber,Detchd,248680
426,141287,102.65887253149938,1983,8,1587,2,2,458.40456387995994,1155.8580696858946,NoRidge,Detchd,295318
427,188474,48.87241179980876,1973,2,1616,5,2,482.6784047983634,1659.4703557810362,Timber,Attchd,121726
428,102854,41.852373105602524,1920,9,1432,1,2,457.7140557051739,1436.7166523627398,Timber,Attchd,114249
429,16283,79.7458999991185,1892,4,1135,1,1,684.3227994313077,751.3304096016662,StoneBr,Detchd,222571
430,90512,55.9156063948303,1894,1,2106,1,1,340.53622250815727,1463.0565156880284,Timber,Attchd,105802
431,69433,21.0,1947,1,1177,4,2,562.7400597635277,655.7332261510126,Timber,Attchd,161081
432,42180,40.16959967414636,1935,5,2406,2,2,228.0518197164087,555.5565293788293,NoRidge,Attchd,246296
433,124707,,1898,7,1081,5,0,631.5952348490762,1224.5386727211933,NoRidge,Attchd,318432
434,60679,71.15653011394966,2005,5,1684,3,1,404.226584203631,699.4333619880185,NridgHt,Attchd,163428
435,101113,,1942,3,1551,1,2,464.22866797125255,775.2297013660302,StoneBr,Detchd,139502
436,41470,118.12471216565069,1978,7,1455,5,1,395.49541908429114,1493.3537361291349,Timber,Attchd,205664
437,205808,65.01699383917375,2004,1,1873,5,0,422.5701722897467,1345.701190352376,StoneBr,Attchd,117759
438,6218,,1929,1,1929,4,1,257.9885872838727,893.7773061361152,NridgHt,BuiltIn,168805
439,159683,30.97859134301209,2003,2,1796,2,2,543.4595133020974,343.5815527328582,StoneBr,Attchd,180342
440,171290,69.25274708043338,2006,1,956,4,2,591.6981168369288,734.2637458806016,Timber,Attchd,178907
441,77269,78.02077463612238,1906,9,900,4,2,,1909.5722464625233,NoRidge,,187440
442,81207,36.99377245645145,1992,4,868,5,2,345.3704201203212,1481.3112421847425,StoneBr,Detchd,129574
443,143298,47.58419296871304,2001,7,1386,2,1,479.42296231995766,1681.9564274979023,Timber,Attchd,135268
444,93804,,1991,5,2625,2,1,344.88929842534196,1169.394863011923,NridgHt,Attchd,134184
445,18639,56.88816965651412,1876,7,1489,2,2,425.3161745640409,902.8898149696947,Timber,None2,94634
446,198253,67.53899748376062,1942,7,2617,1,1,818.8457724648631,1454.379537076259,StoneBr,BuiltIn,207429
447,121304,82.97866045501551,1957,1,1497,2,2,255.11316391175436,1619.7273335533343,Timber,Detchd,258765
448,46282,118.88493212309959,1966,1,1598,5,2,0.0,,Timber,Attchd,248783
449,21458,64.67715517411858,1912,3,1827,1,1,344.8696801664487,743.9030914926432,StoneBr,Attchd,162887
450,153879,,1946,10,1362,3,2,402.7738274143459,389.16701818124375,StoneBr,Attchd,130798
451,104526,22.989432128905754,1954,2,1634,4,2,368.1421509394057,732.8314223906438,NridgHt,Attchd,243663
452,70634,73.56070860836765,1909,7,621,2,2,530.5255961969569,1350.6553867148941,Timber,Detchd,233604
453,15083,61.98185902971446,1913,3,1048,3,1,252.99050339356134,795.2414716847654,NoRidge,Attchd,197359
454,18513,57.220984382358466,1927,7,632,2,1,221.4900550484014,1466.0294923762026,StoneBr,BuiltIn,363502
455,49484,85.79362181336448,1942,9,1895,4,2,328.65974468251477,1920.5898086705806,Timber,Attchd,179018
456,122746,64.84910403075472,1926,1,799,5,3,,1067.8962234802873,NoRidge,Attchd,163253
457,177446,21.401119962562788,1893,3,2256,5,1,926.8599628611114,1049.8575749606573,NoRidge,Detchd,154181
458,172769,31.879138041986025,1898,6,1701,4,3,805.2237752566589,1297.8404604061977,Timber,Attchd,96902
459,130610,87.32864700055465,1976,9,2018,3,2,115.72123285091936,804.8373154044066,Timber,BuiltIn,235708
460,10596,30.706530233822477,1909,5,1175,1,2,60.02089264131189,772.8262559408274,Timber,None2,173446
461,203663,87.97170834833868,1983,3,925,1,1,454.64886920922004,785.9141239888911,NoRidge,Attchd,221856
462,75033,72.99456370986775,1910,8,1332,2,1,882.0813325689329,554.0914619441426,Timber,Attchd,377968
463,208917,,1990,5,2073,4,1,615.5432047508682,1452.006427484965,StoneBr,Attchd,154742
464,116295,,1931,6,2625,4,2,,839.0014003081762,NoRidge,Detchd,71012
465,27118,82.354192484322,2007,2,1781,1,3,375.40010563971106,1544.8988602643226,StoneBr,Attchd,219310
466,11368,,1915,4,824,3,1,703.5127699583322,1289.3552335016739,StoneBr,Detchd,193408
467,23382,71.01498625594542,1914,1,1004,4,2,511.0897272351071,1046.9993032346079,Timber,Attchd,134973
468,153211,,2005,4,733,5,1,843.5962940005952,1412.426814069288,StoneBr,Detchd,212080
469,169535,73.92747462406882,1894,1,1447,5,2,111.83115944087552,642.8203669531808,Timber,,247769
470,108260,85.51544286876045,1993,4,1369,4,1,563.6601987461022,714.4025220850856,NoRidge,Attchd,123892
471,103625,73.98270070749555,1955,2,1443,3,1,352.45429914518104,1370.2692974766596,StoneBr,Attchd,160377
472,127177,84.60645193433413,1977,6,951,5,1,561.6548965479108,93.09979825799724,Timber,Attchd,326608
473,193036,53.199643957761104,1935,6,898,3,2,526.6832378416291,1063.4143081518682,NridgHt,Attchd,135559
474,162042,68.50767869630616,1996,8,1564,1,1,582.068568726005,1316.2305179511272,Timber,Attchd,185810
475,111482,,1923,9,1769,2,1,682.2025794101046,1632.4775170163375,NridgHt,Attchd,63326
476,72214,62.717454708712204,1919,8,892,1,1,770.4156120690311,1722.2955732368612,Timber,BuiltIn,100015
477,196242,50.784612053154675,1932,1,1763,2,3,890.6687584663739,999.8043365643606,NridgHt,BuiltIn,192687
478,209006,59.636258813801376,1888,3,2012,5,2,476.37998042627777,1395.1470060040826,StoneBr,Detchd,295673
479,72602,43.29508971984397,1911,6,334,2,2,356.93710564739285,,NridgHt,Attchd,104925
480,152925,,1946,1,2342,2,2,210.6741415021113,862.3094532709861,StoneBr,Detchd,186398
481,170760,53.182800147021766,1960,8,1883,4,1,566.0656768378071,1657.4029654928604,StoneBr,,155675
482,34875,85.02303157074793,1940,6,2016,2,2,651.6723123493252,1039.482007212406,Timber,Attchd,264884
483,72710,75.61758378533632,1956,1,979,4,1,184.43218170734292,1127.0985374437303,StoneBr,Attchd,111156
484,154844,,1897,10,1928,2,2,717.9583066292303,603.4531906055084,NoRidge,Attchd,214882
485,154288,60.25572751887072,1911,2,1988,4,2,451.31103357786424,1242.5069852919914,NridgHt,Attchd,139293
486,90776,86.61914419274386,1967,6,1172,5,2,204.25520817214215,1388.029831047268,Timber,Attchd,197803
487,90206,59.23620712510959,1988,10,1924,5,1,291.4665403781453,1374.4070547375454,StoneBr,CarPort,185978
488,167734,35.97361136490626,2007,8,1442,2,1,271.14604879423155,525.2124621961555,NridgHt,Attchd,163587
489,209159,124.18308511394423,1944,5,1190,3,2,274.9525769068016,1495.975566713542,NridgHt,BuiltIn,219024
490,75106,65.9929880643292,1916,1,1411,5,2,594.9588988387254,618.8338101566015,NoRidge,Attchd,184107
491,162044,42.0741064000236,1888,10,1603,1,1,657.8591339393496,1045.403815400787,NridgHt,Attchd,171560
492,191076,,1948,2,1356,1,1,836.6171544459651,346.64568419723696,Timber,Attchd,156881
493,121337,,2008,4,1099,4,2,323.5804422795618,978.213390980249,Timber,Detchd,186624
494,188013,33.00452548205517,1962,4,1721,3,2,546.3926412354355,616.425540477127,StoneBr,Attchd,197725
495,109843,72.24085265927596,1977,7,1808,4,3,,859.9517069028029,StoneBr,Attchd,121802
496,62901,93.60965227349551,1972,2,1591,2,1,477.30651524108134,1083.3006830214877,Timber,Attchd,157318
497,60335,64.41015502023413,1974,7,665,5,2,156.19859711230913,1420.1516902175756,NridgHt,Attchd,118627
498,58436,21.0,1895,7,1208,3,1,232.63581196728708,1405.084621877917,NridgHt,,178060
499,164090,78.20611865414328,1944,7,1071,4,2,644.8549445729785,30.9269298995398,NoRidge,Attchd,142754
500,187034,84.46960108595569,1992,3,2423,4,1,155.5382862493696,1354.7817219058968,StoneBr,Attchd,246256
501,128946,55.92611015613012,1977,6,1576,1,1,604.5738270830254,1147.5553421659117,NridgHt,BuiltIn,236784
502,159885,56.10252156785861,1906,6,1367,2,1,328.3041028609326,811.0710180626397,NridgHt,Attchd,125080
503,129844,124.18855120618355,2007,4,1221,4,2,60.935213672798966,670.50119416457,StoneBr,Detchd,180754
504,17610,54.20285682778953,1888,1,1449,1,2,0.0,1029.5940476484175,Timber,Detchd,233566
505,167388,43.074856807977966,1964,9,1909,3,2,,1158.2325302944264,NridgHt,CarPort,168668
506,63049,70.60273801662427,1980,2,554,4,2,65.2408758446025,1222.8903219214606,NoRidge,Attchd,135202
507,132334,83.79621581848959,1921,9,1635,1,2,459.2242601729913,970.3896508762898,NridgHt,Detchd,116874
508,30030,82.77840948904759,1985,8,1250,2,2,548.7454699966742,0.0,NridgHt,Attchd,254618
509,2393,,1895,1,1741,5,3,191.97472298405552,839.5618764971007,NoRidge,Detchd,259600
510,130245,,1908,7,1934,3,2,354.5455711723391,537.3590618461405,Timber,Attchd,166481
511,125467,,1882,10,1149,4,1,575.468316741672,1959.2420051786758,NoRidge,Attchd,245799
512,95760,77.84054716820094,1970,3,796,1,3,535.7696635515814,1083.0383040191068,NoRidge,Detchd,55255
513,28385,,1926,10,1355,4,1,374.43682877450954,1382.3516856557521,StoneBr,Attchd,307686
514,46060,99.81782338950892,1898,10,2190,5,2,523.6975907505189,1335.820794156587,NridgHt,BuiltIn,169912
515,15113,93.15754525854827,1938,9,1953,4,1,451.12178186428645,1193.2342009472068,Timber,,191477
516,212424,62.88156140745107,1873,5,1316,4,2,265.3308519736191,874.2804648641968,NridgHt,Attchd,159150
517,138659,91.10721248346728,1939,3,1181,1,2,729.9049577495784,,Timber,Attchd,316190
518,168273,117.99413996699248,1934,8,1221,5,1,,169.9594533541034,NoRidge,Attchd,118364
519,20165,44.694875314110014,1943,3,833,3,2,78.80532807083927,1119.422786327035,StoneBr,None2,326308
520,108068,83.3307083728703,2001,7,1927,1,2,584.6383749227538,1188.8672313245117,NoRidge,Attchd,211996
521,31122,117.66267462611218,1954,7,2022,5,1,341.2796081013622,1036.0026975191158,NridgHt,Attchd,232090
522,97334,85.67270927909271,1913,7,1311,5,2,411.0606552013082,1119.9622003659183,StoneBr,Detchd,158598
523,214975,51.89481137525673,1978,1,1252,4,1,474.75369451810235,527.3858633941375,StoneBr,BuiltIn,107208
524,43489,75.7339177705933,1899,5,1148,2,2,303.30923436097544,927.9132291688256,NridgHt,Detchd,262503
525,46241,,1976,1,1278,2,2,858.8501026593914,771.7141845297949,Timber,Detchd,204920
526,211272,45.62160479382014,1983,7,1129,3,2,153.430006792558,1348.9375969637695,StoneBr,Attchd,311908
527,21663,69.27767902502721,2004,8,1433,4,1,,1074.9921200952745,Timber,Attchd,167427
528,73137,64.15641227723842,1886,7,1927,2,1,554.6092383671521,776.1222513947694,Timber,Attchd,152989
529,60675,54.846120717900874,1981,1,1873,1,1,481.8195338559924,986.7815616745152,Timber,BuiltIn,315227
530,35046,75.79731684343349,1944,3,1074,3,1,432.1290369857141,,StoneBr,Detchd,388704
531,136047,,1961,10,1594,4,2,392.3191574408268,912.9311193167339,NoRidge,Detchd,181598
532,71759,,1908,3,1854,1,3,301.1194915992344,1312.7995761782304,StoneBr,Detchd,133881
533,16390,,1875,7,1021,2,1,297.32458415101223,472.1225505240227,NoRidge,Attchd,250203
534,155842,,1955,4,1589,2,3,720.928298571305,1030.1522513507996,StoneBr,Attchd,163441
535,8213,,1931,3,2152,2,1,378.46620117165816,727.7785728513472,NoRidge,Attchd,229927
536,94889,68.72497266989303,1957,6,1386,2,3,929.2877326965651,472.4356506639841,NoRidge,Attchd,163097
537,206709,74.88195216134997,1942,10,455,5,1,616.1532282222944,,StoneBr,Detchd,338209
538,66817,69.6286997255909,1902,6,334,3,2,0.0,1607.406793901163,Timber,Attchd,136765
539,197689,46.464090106479176,1888,10,1678,3,1,662.0174294726991,794.4502009181645,Timber,Detchd,219263
540,84479,,1878,5,1570,2,3,461.6238015753674,929.7913665359825,NoRidge,Detchd,148796
541,122561,115.13826750886356,1997,6,1613,3,1,175.55032605986173,169.23408975970733,NridgHt,Attchd,161653
542,132242,83.12535288284043,1954,3,1771,1,1,752.110612762756,,NridgHt,Attchd,153429
543,195166,84.35444271426772,1899,10,738,1,2,379.713776240945,561.7955293131788,StoneBr,Attchd,243107
544,210843,73.14517993506816,1881,5,1091,3,2,361.52047489969834,1042.2561958959818,StoneBr,Attchd,261231
545,189077,93.26087732269605,1898,9,1737,2,2,553.2906636256507,1006.637256322471,StoneBr,Detchd,226140
546,174829,21.0,1998,4,1901,4,3,717.5656926650342,1202.6259345676235,NridgHt,Attchd,173272
547,212082,69.90730530899532,1914,2,1380,2,2,497.27085241440585,1354.9087623318137,Timber,Detchd,191355
548,116539,56.25695193530772,1940,5,763,5,2,481.9493404496025,1179.0460760651736,StoneBr,Detchd,259083
549,47992,73.49963435251094,1934,3,1693,4,1,323.87067290700384,582.2619547449999,StoneBr,Attchd,262377
550,111218,96.22306156415459,1941,3,1541,5,2,713.9119656928697,1199.2462876234868,Timber,Detchd,61679
551,208731,70.45682022918585,1970,4,959,3,2,499.33286832357885,1335.9194451603225,NoRidge,Detchd,162255
552,147967,61.34818387190389,1942,4,473,5,2,424.75517073276194,869.4273366049295,StoneBr,Detchd,165398
553,73505,36.321495286229265,1964,5,1814,3,2,398.20552833082314,246.42089167595213,NridgHt,Attchd,236455
554,26540,67.37736370675863,2003,7,1190,5,2,692.74067745563,,NridgHt,Attchd,176152
555,110509,,1882,4,1613,4,1,416.86275039198665,1095.7700872152411,StoneBr,Attchd,241225
556,70202,49.81388495171276,2005,7,1593,5,1,693.2910902809588,0.0,NridgHt,Attchd,117518
557,23137,21.9198434317734,1993,9,912,2,2,372.0830134817013,1965.8411042566986,Timber,Detchd,200754
558,69245,124.58176362907268,1889,3,1734,3,1,627.5733735295063,846.8232541217576,NoRidge,Detchd,259340
559,141319,78.04421161841671,1938,5,1063,1,1,517.3185825932655,2127.7311791708416,NoRidge,BuiltIn,100314
560,152822,64.682233873817,1968,4,729,5,1,269.5384324430334,1222.6629567333734,StoneBr,Attchd,494485
561,91967,103.38387532490493,1905,9,662,3,2,454.387115107881,968.0236226437544,StoneBr,Attchd,291317
562,113355,,2008,5,1513,1,1,4.21097589015659,1137.5980839709073,NoRidge,Detchd,181018
563,210309,101.9687634791496,1915,10,2351,3,2,313.7754740191838,745.6297161738503,NoRidge,Attchd,129891
564,55540,,1966,2,1536,3,1,135.34942927443558,1083.9152645271001,StoneBr,Attchd,168683
565,109018,39.411499026756864,1962,10,2451,1,1,900.4650199404502,1939.6624579783957,NridgHt,Attchd,187088
566,163877,81.03987079391334,1982,1,2275,1,2,,662.5047531199194,StoneBr,Attchd,215794
567,197890,111.40685576726428,1942,7,1786,4,2,1026.3591942246471,1291.1471072225443,Timber,Detchd,329746
568,196809,46.03238343165263,1924,1,2341,5,2,583.0558199910553,741.0258671648976,StoneBr,Attchd,149548
569,84610,,1942,8,2282,5,2,361.9624260580535,983.2124478462858,StoneBr,Detchd,226590
570,97895,50.387174331951655,1924,9,2133,3,1,645.5610615328568,1924.7319365735857,StoneBr,Detchd,107887
571,184934,,1979,7,525,2,2,335.0738500998563,1288.11673608781,StoneBr,Attchd,153334
572,142668,,1890,9,1390,2,2,171.35653959277187,1384.3506768049037,StoneBr,BuiltIn,210344
573,77264,,1937,10,1150,3,1,489.9210373966892,1088.1015678669528,StoneBr,Attchd,238546
574,141790,78.1827069644064,1872,6,2129,4,2,622.8155570138155,2240.3195434569284,NridgHt,,133856
575,91867,63.954041611092215,1977,7,1353,1,2,746.579931586044,640.1085909051578,StoneBr,Attchd,151675
576,85838,67.30537915239594,1926,3,2434,3,2,579.5142434456243,363.655732591022,NoRidge,,324499
577,179953,,1886,9,1568,5,2,359.72005793476313,1797.1595243149927,StoneBr,Attchd,287960
578,151907,78.3581973163392,1998,3,1500,2,2,769.6630815652961,889.4848221433435,NridgHt,Detchd,196653
579,179433,95.21099872736701,1886,6,1316,2,2,721.8768268145125,,Timber,Detchd,73950
580,31407,54.59280718402048,1992,4,1418,2,1,530.5697509431097,1810.4813809729603,NoRidge,Attchd,493989
581,214761,29.621055257513966,1937,9,1656,4,2,732.1064378202278,1242.9423294503406,StoneBr,BuiltIn,179484
582,40887,62.72525628359884,1985,1,1480,5,1,940.5494065507489,2036.3292213250952,StoneBr,Attchd,159657
583,76155,88.1508814864535,2008,9,1270,4,1,356.6730368199411,1116.7899837716136,NoRidge,Attchd,146806
584,58907,59.895271699300125,1943,4,1302,1,1,280.4689759914372,746.1323067002913,StoneBr,Detchd,210315
585,197834,34.058824932156135,1969,10,2471,3,2,350.4445132484155,23.820877995951378,NridgHt,Detchd,211176
586,137127,88.31782837406513,1915,5,2563,3,2,184.1748935873095,1188.940329848038,StoneBr,Attchd,264624
587,47595,103.9683555279595,1887,1,1267,2,2,599.519963907972,75.20889666123321,Timber,Attchd,124915
588,196623,70.48037320266218,1949,1,1960,2,3,128.48071491245094,1199.5168463633788,NridgHt,CarPort,159662
589,2542,31.461019360441647,1923,6,1080,1,1,743.7130460913432,1697.7372587714162,StoneBr,Detchd,407596
590,105248,62.37206699153094,1873,10,1343,4,1,329.15312985887357,1049.510358345336,Timber,Attchd,197926
591,5688,73.6369331398065,1932,1,944,5,2,763.76346895265,1140.4566625608338,NoRidge,Attchd,168856
592,80096,,2003,2,2050,1,3,0.0,1458.9768017565066,NridgHt,None2,124140
593,190725,,1997,3,1769,3,2,390.5698476713802,1350.9255329210864,StoneBr,Detchd,221502
594,142805,48.22093324240482,1923,7,1869,3,1,196.2957710281617,1566.4588368510035,StoneBr,BuiltIn,273272
595,4588,70.6150641376486,1912,2,1981,4,1,762.6179534338753,1048.5805835516248,NoRidge,Attchd,256696
596,3146,64.52026997587929,1902,5,1058,1,1,832.3113068798193,68.75163665956848,NoRidge,Detchd,163128
597,145699,84.78051515560206,1992,9,1344,5,1,,1573.2717666932033,NridgHt,Detchd,209047
598,165187,69.65753973773062,1922,10,1748,1,1,658.2943734834305,952.1659714530969,NridgHt,Attchd,353090
599,198595,,1966,8,1333,1,2,701.6990936830061,671.2714732038185,NridgHt,Attchd,277664
600,16953,50.73123423438571,1882,8,1551,4,2,542.6964883951168,1204.4756368230455,StoneBr,Detchd,132210
601,53733,70.83445635023844,2007,2,1095,5,2,598.8669482141727,1138.8918595079522,StoneBr,Attchd,65343
602,167087,,1883,1,2213,3,1,583.4357731619708,727.9859785747793,NridgHt,Detchd,203724
603,190664,,1970,9,2007,2,1,659.0748151480256,492.62843294129186,StoneBr,Detchd,249008
604,215019,,1916,10,2164,5,2,239.21205333806327,1262.634342244874,NoRidge,Detchd,117023
605,197572,78.73531216134636,1905,4,1861,3,2,729.9057897101636,683.9063362525344,Timber,Detchd,180286
606,84587,61.87822667063642,1943,9,940,4,2,517.8001158816219,1107.214345584675,StoneBr,Attchd,162809
607,63493,92.35766154553016,1892,7,1263,5,2,504.95744171073744,1220.942511040109,NridgHt,Attchd,188627
608,186334,76.3353834264678,1912,6,1146,5,2,,1482.0293311123116,StoneBr,Detchd,145500
609,214386,,1893,10,1379,3,1,201.05547919047837,1987.2864814358502,NoRidge,Attchd,303161
610,87892,102.09745587792837,1892,9,2070,3,1,140.56337246362705,1161.1348393600142,NridgHt,Attchd,191952
611,210039,88.40771035312088,1942,10,741,1,2,447.0991172671845,870.2663145534345,Timber,Attchd,127288
612,123849,94.04394907027674,1885,4,1208,1,2,803.3173313154908,1785.053363177166,NridgHt,Attchd,261137
613,154760,79.61207096470649,1950,1,1307,5,1,219.32811745809607,1517.1127079643493,NridgHt,Detchd,109113
614,67519,21.0,1944,5,825,2,2,510.48305030262543,1130.9201491967756,NridgHt,Attchd,302432
615,1951,96.22284619016384,1923,6,1622,4,2,319.62964370167936,1160.8177693583493,StoneBr,Attchd,268938
616,136641,71.4589043996796,1947,6,1335,3,2,290.8906161398679,1068.8142468980575,Timber,CarPort,315440
617,65774,78.47726036393908,1890,1,2098,1,1,580.1601503190442,1128.2108505819501,NoRidge,Detchd,169823
618,145958,82.96921714656796,1898,7,1370,4,1,635.5063568693428,1012.2811106288914,StoneBr,Detchd,148356
619,139779,,1884,8,1755,5,2,304.46398564187064,629.049418249243,Timber,Detchd,187104
620,171011,56.890631572813454,1978,5,1575,3,2,769.8715547768916,1060.895448436209,Timber,Detchd,174912
621,184857,57.51032823425318,2000,2,334,3,2,563.415776069403,1828.4433812946713,StoneBr,Detchd,139346
622,19657,49.57517147897038,1956,2,761,1,3,421.2809155941601,698.7575615659822,NridgHt,Attchd,144982
623,76226,44.321378766517185,1980,5,1716,2,2,547.3688596837275,937.9118907583962,Timber,CarPort,156258
624,107216,44.76325039396732,1986,7,1692,3,2,908.7783681364303,665.4474421580987,NoRidge,Attchd,113302
625,173929,,1922,7,1478,2,1,634.2555807355461,1565.0688778006884,StoneBr,BuiltIn,237281
626,147501,80.23973945421942,1872,4,2213,4,2,323.47885585461506,1421.2401127950595,Timber,,177175
627,106136,117.70735755429004,1992,3,1782,3,2,468.99659601071727,495.8206718646736,NoRidge,Attchd,159925
628,181319,119.23778372368528,1994,9,2339,3,2,501.0915384307022,170.89499390078493,NoRidge,Attchd,116038
629,9413,,1903,7,334,2,3,615.3863525560203,1437.042817508395,NoRidge,Attchd,113739
630,208103,,1964,2,2425,1,2,524.2632122660156,469.06173344723163,NoRidge,Detchd,392456
631,28227,,1939,1,1196,5,2,878.5993165157645,1420.6089306303709,StoneBr,None2,140774
632,134518,80.3763271409868,1934,2,1528,4,1,424.4891042579497,776.8859375178812,NoRidge,None2,230966
633,62561,73.22837611827077,1953,3,2138,3,1,102.80018075066636,1362.1048546417287,StoneBr,CarPort,193081
634,199502,63.83837010777836,1912,5,404,1,1,518.9091138724118,1251.967111087934,NoRidge,Attchd,59619
635,194044,98.27923467863707,1874,3,1381,3,1,378.599207372033,821.4966435049316,NoRidge,None2,370569
636,114888,44.24677699104481,1965,10,2044,4,2,151.13736810814726,671.1225062069076,StoneBr,Attchd,237862
637,69457,81.5410015707032,1930,9,1191,5,1,,1309.7747569591193,NridgHt,Detchd,133085
638,87339,78.27841222054269,1889,10,1994,3,2,396.30497481005347,752.954868959291,Timber,Attchd,178879
639,107149,71.0409269604004,1975,4,1870,2,2,716.9181022776039,1543.8423247133978,Timber,Attchd,114249
640,152039,88.90551177840607,1945,7,1603,1,2,155.5848599698548,691.5983874958295,StoneBr,CarPort,375608
641,157076,70.80969507838724,1991,4,1829,5,2,547.8540472611107,1210.8037908336132,NoRidge,BuiltIn,125838
642,209088,57.171337841501256,1947,3,2194,3,1,948.1828530055345,,StoneBr,,146764
643,3344,72.22027141557142,1879,10,1831,5,3,435.5796099651902,1059.5084945326746,NoRidge,Detchd,135129
644,36072,31.78951192869215,1952,1,2002,2,1,429.2925352116532,749.4686511217567,StoneBr,Attchd,186832
645,155547,84.7051535487176,1972,9,1052,3,3,627.0321751682275,978.5917748550577,Timber,Detchd,312994
646,20949,,1880,1,1820,5,1,584.7468615255119,0.0,StoneBr,Detchd,370113
647,111637,,1961,1,1771,3,2,776.3583159154603,700.1270302441815,Timber,Attchd,154232
648,20959,48.531730681161434,1919,1,2105,3,1,437.2382186296831,799.0384709829391,Timber,Attchd,210474
649,199367,,1986,5,907,5,1,,1025.446203511893,Timber,Attchd,186946
650,151176,68.48744854288263,1958,7,2078,3,2,626.6735688190404,1624.7111864602484,StoneBr,Detchd,122170
651,126798,75.18126299285433,1966,7,1053,2,2,401.1910388656212,750.6963034775877,NridgHt,Attchd,476793
652,211967,108.77180665336193,1985,10,2743,5,1,448.60823934384587,1677.739483922035,StoneBr,Attchd,312050
653,110834,105.73818438666771,1889,1,1048,5,2,470.60337730760915,678.8372178751731,StoneBr,Attchd,195137
654,61640,89.9570239617408,1900,6,902,2,1,208.13223966695102,570.5344577560738,NridgHt,Attchd,340634
655,26862,,1873,9,1362,2,2,389.82282380092107,229.82905811885405,NridgHt,Detchd,293801
656,160515,,1949,6,2065,2,2,793.1792087281121,1323.378460012954,Timber,,186943
657,22819,110.31129360211028,1939,4,1701,3,2,695.0713557536191,1094.763844592953,NoRidge,Attchd,206117
658,102251,64.05658886362458,1969,10,2396,3,2,348.893714036885,1297.3684002647954,NoRidge,Attchd,331262
659,183622,76.75297921444604,1988,9,1357,4,1,469.6311802140165,1114.7814824661414,Timber,Attchd,123915
660,140269,,1981,3,1257,3,1,680.8774363374941,1052.9624449816436,StoneBr,BuiltIn,353377
661,186227,71.47830052894426,1912,10,1129,2,3,567.8888171340351,1181.8620220584155,NoRidge,Attchd,165341
662,98396,97.62633629077172,1986,4,1238,4,1,644.1809438330321,2001.9414122980224,StoneBr,Attchd,332929
663,30235,,1952,4,781,2,2,587.3034174220603,848.9411319458245,NridgHt,Detchd,180543
664,32793,,1993,4,1174,1,2,519.0980401842464,1958.8474482420393,NridgHt,Attchd,207079
665,202057,80.7362934233521,1958,6,879,5,3,437.4989658708739,1431.187416177357,Timber,Detchd,178455
666,208767,69.09040810675444,1893,7,1892,1,2,217.24676810431595,1217.3218817926152,StoneBr,Attchd,146250
667,140582,71.78045467653197,1920,9,2292,2,1,621.1382654902071,1300.4380422395739,Timber,Detchd,162396
668,93805,68.50622852022396,1887,3,1631,3,2,425.54506814641434,0.0,NoRidge,Attchd,314097
669,90859,39.177140357693204,1939,8,1161,5,3,120.35220471463532,942.1296865226894,NoRidge,Attchd,71693
670,214508,45.98033293639319,1893,8,1905,3,3,356.2289754527535,762.7675539883012,NoRidge,Attchd,110219
671,42227,87.77314085976836,1956,1,1494,3,2,655.3899935429018,1984.3406711300336,StoneBr,Detchd,135351
672,106045,39.77508940081688,1992,5,2047,5,2,62.94082240908767,907.1259912743458,Timber,CarPort,117533
673,16287,,1951,10,1018,5,2,252.6817537481001,1043.9178104504733,Timber,Attchd,330978
674,206014,44.79751433279997,1926,5,1055,1,2,502.3465478823123,1036.7868006108197,NoRidge,Detchd,299205
675,119210,59.01474524706836,1906,8,1896,2,2,773.8237896863727,483.43217031029417,Timber,Detchd,229263
676,112989,66.27353670150977,1905,8,1504,3,2,686.9948787518374,811.0627054112231,NridgHt,CarPort,140181
677,145875,60.25038979920457,1944,2,2001,2,2,794.3498083868143,1415.61818306358,NridgHt,,308610
678,199374,35.71925374599825,1948,3,1064,2,2,517.4653156274104,121.13682171330458,NridgHt,Attchd,95852
679,100282,65.54726794368486,2003,2,1742,4,2,428.23538702405483,1193.6836961431682,NridgHt,Detchd,426176
680,54948,46.98649212525048,1996,1,1801,1,2,653.4676283286524,661.2503726911484,Timber,,137580
681,71013,54.72262696657357,1882,2,708,3,1,280.5354021148272,1627.6644313691354,NridgHt,Attchd,162917
682,7568,87.77248367919988,1932,10,1513,5,1,263.83998444978783,1230.3706558043236,NridgHt,Attchd,152371
683,111540,92.92943191497659,1993,6,456,5,2,225.81078811404396,389.82189944639276,NridgHt,BuiltIn,117779
684,120462,38.536699942650635,1906,1,2286,2,1,706.021308886523,874.3122499513515,NridgHt,BuiltIn,390764
685,163799,107.64798152987552,1940,6,823,1,2,294.39975641988786,1256.1128532861544,NridgHt,Detchd,248047
686,14240,,1928,1,1415,1,2,687.1291294224814,923.5641663120323,StoneBr,None2,294196
687,89833,55.575757104834594,1883,2,1512,3,2,,1120.707826155218,StoneBr,Detchd,110895
688,66245,48.60028510382126,1996,8,1009,3,2,,1048.555061892878,NridgHt,Attchd,194500
689,140363,71.34188979967688,1914,6,2485,2,1,236.4482131878768,1437.5344567174125,NridgHt,Attchd,222843
690,133057,,1948,9,1151,2,2,339.13964947005013,1249.9693750783474,Timber,Attchd,201615
691,177620,,1939,1,1373,2,2,570.1536597772226,1035.8365187029158,NridgHt,,113739
692,163267,21.0,1930,5,1153,4,1,380.77457996616715,1064.8658870794213,NoRidge,Attchd,278177
693,170013,76.44425261793013,1873,7,1148,1,2,0.0,581.6358465260431,StoneBr,Attchd,189934
694,1837,83.66414015020716,2007,9,1457,2,3,179.3364771843041,1701.180702625081,NridgHt,Detchd,123479
695,132496,71.26413303556525,1892,9,1884,1,1,234.76306747950747,2357.4118864806187,StoneBr,BuiltIn,86138
696,147664,,1972,4,1599,5,2,250.62272810287024,911.976680763904,NridgHt,Detchd,230609
697,57552,,1957,4,1116,5,2,618.9016009126107,1077.940067713523,NoRidge,BuiltIn,482143
698,2971,47.32312546490189,1993,4,1511,1,1,545.1284198407755,1502.6056081782708,NridgHt,Attchd,120537
699,52694,72.9749903801415,1946,3,797,5,2,507.71606726292623,1500.1571862240435,StoneBr,BuiltIn,193686
700,176960,112.19366465749178,1946,8,2136,5,2,902.8551677631817,1135.2780708225896,StoneBr,Attchd,282099
701,204597,83.45633584216122,1954,5,1249,5,1,724.4980334915163,628.4618008923119,StoneBr,Attchd,108874
702,190617,,1949,7,1277,3,2,644.5893281030252,1855.1717293006704,Timber,BuiltIn,149317
703,120576,44.23176410638599,1892,10,493,3,1,153.0130631596951,1356.0618664778049,StoneBr,Attchd,128251
704,74892,,1991,6,1248,1,2,485.74154635343274,1153.8209701270025,NridgHt,Attchd,268253
705,62588,,1883,9,2398,1,0,,739.6786703691664,NoRidge,Attchd,307436
706,207473,112.42617659104505,1954,3,1836,4,1,,1082.4423190334746,NoRidge,Detchd,192804
707,101409,45.71374457527904,1984,6,2097,3,2,838.1652730874355,260.457605771741,NridgHt,None2,129200
708,7164,50.88446515603931,1886,3,1576,1,2,483.9576368628284,1382.2571339094447,Timber,Attchd,151554
709,90359,34.646184566449264,1984,2,334,3,1,210.1333642390885,1489.2985270447793,NridgHt,BuiltIn,140591
710,93491,72.05959166935348,1995,3,1551,4,2,259.5612426596956,1157.864197462869,StoneBr,Attchd,122382
711,121305,71.0509995487146,1986,2,1620,1,3,961.4212603804849,635.4489661800758,Timber,Attchd,173685
712,137951,106.31778594824111,1903,2,1985,1,2,383.0936828638148,1255.3830403051309,NridgHt,Attchd,227691
713,200232,88.63395804732234,1970,10,1495,1,2,28.194806155067113,1402.6501824988134,Timber,Detchd,220117
714,33036,51.0215988818788,1958,7,1109,1,2,344.7402811587689,730.7192349844165,NoRidge,Attchd,180326
715,137563,,1983,10,1462,2,2,82.10342839446014,1467.022585964512,NridgHt,Attchd,185097
716,204902,,1895,3,1335,3,2,669.3045108727513,1287.263153786843,NridgHt,,175114
717,96254,52.75952706806457,1920,8,1789,3,1,54.66165506593495,936.7068382334164,NoRidge,Attchd,107681
718,117634,72.84302916974129,1903,2,1464,3,1,172.92811066792217,812.1892007756916,Timber,Detchd,192888
719,98149,42.834726915217644,1946,7,995,4,2,473.85355194938023,978.4740484717036,NoRidge,Attchd,143252
720,103110,95.55181240979542,1980,3,1812,2,3,710.4073557415184,630.8768501189622,Timber,Attchd,105543
721,95013,124.70350803635253,1882,9,1127,3,2,458.14110934542344,1171.2553384309163,NridgHt,Attchd,209839
722,29859,62.93146982049671,1939,7,1349,3,2,203.86387631100393,1302.1747046220835,Timber,Attchd,141651
723,118560,54.35951395141113,1961,9,1271,1,1,512.0684800088034,1570.0139042372198,Timber,Detchd,198177
724,181874,66.8898493438229,1981,2,1639,1,1,,1187.5799376933137,StoneBr,Attchd,253944
725,115709,56.62306411571187,2004,6,795,1,2,715.3982650682478,1228.7884993664252,StoneBr,Attchd,123713
726,19543,76.2815305166532,1903,5,1531,3,3,655.9246323023921,939.3446010401482,StoneBr,Attchd,187712
727,89559,38.26229246313217,1942,2,2082,1,1,358.0478750291381,673.2685359032865,NoRidge,Attchd,87697
728,10570,77.64415356643299,1945,4,1565,3,2,639.8713814262692,868.2598647642726,NoRidge,BuiltIn,333977
729,205307,115.8861577256758,2009,4,1164,4,1,531.0422814386194,1683.923086425192,StoneBr,Detchd,105049
730,146705,21.948578722226785,1970,8,1323,4,2,765.4972258781404,1335.3615312345564,NridgHt,Detchd,147250
731,58455,,1892,7,1670,5,2,630.7567996334951,1235.8473609858786,NridgHt,Attchd,309021
732,30071,59.318623746705924,1911,5,1809,2,2,590.057085123814,260.0522233231288,NridgHt,Detchd,164720
733,159563,83.00542769142174,1913,9,2304,1,0,757.1833284355861,1194.3250460504837,NoRidge,Detchd,112067
734,78615,,1943,1,661,1,1,476.2966018533266,473.26933535463615,Timber,Attchd,240637
735,182313,89.43842782002007,1917,4,1653,2,1,307.55650242903886,504.5761871001564,NoRidge,Detchd,238477
736,100391,29.399156257720136,1953,5,1612,2,3,515.9797040805385,553.7512047170094,StoneBr,,140440
737,132144,53.81570016168882,1944,8,1479,5,1,396.94133891649085,717.7261110440647,Timber,Attchd,146656
738,23371,,1989,3,1701,2,1,602.2980615180359,1422.8579860930597,NridgHt,Attchd,152002
739,138795,68.43522677560422,1912,5,1394,3,2,486.25602348533215,1156.4739433921413,NoRidge,Detchd,166542
740,15697,70.43872205821171,1965,3,990,1,2,559.2284906979936,642.9587839678766,NoRidge,Attchd,84848
741,76423,37.13854927670614,2003,7,1627,2,2,215.31944716036008,802.0546490735562,StoneBr,Detchd,168256
742,104157,59.45069547794175,1970,10,1855,3,3,581.7733185661036,1275.7600305789715,NridgHt,Detchd,369306
743,93938,83.93244509429691,1924,3,1490,2,2,197.9623236131992,1363.3373325870746,NoRidge,Detchd,126427
744,212947,,1999,7,2071,3,3,678.816678848565,1115.6649718098543,NoRidge,Attchd,143260
745,195768,,1900,2,1390,4,2,679.1364365900542,553.2517077826128,Timber,Attchd,112686
746,102409,110.72535566993537,1894,7,1756,3,1,547.462184377853,875.9010541561328,NoRidge,Attchd,231117
747,102342,,1956,9,684,5,3,539.3585983874418,2102.2552638199704,Timber,,292755
748,80932,21.0,1967,5,2692,3,2,425.1376008888351,525.4262994613435,NoRidge,BuiltIn,290088
749,43025,72.73354172796351,1942,6,1395,2,2,343.9090642710995,1221.5955292485326,NridgHt,Detchd,109821
750,17698,140.00878650900773,1879,10,1258,4,2,469.79445003811315,,StoneBr,Attchd,220959
751,167096,,1947,3,1375,4,2,897.2945732243624,936.9404215791216,NridgHt,BuiltIn,321038
752,95687,70.44376141473174,1971,10,1016,3,1,522.0742481926368,1862.0398942606998,StoneBr,None2,221833
753,99672,101.50451628279157,1887,5,901,2,2,185.00969173339206,755.1064514849163,NoRidge,Attchd,219077
754,100999,,1964,5,1536,4,2,107.41118122482402,190.02108136053357,NridgHt,Attchd,149815
755,151087,,1877,3,1574,3,2,165.25208878109572,802.6969698766212,Timber,Detchd,197572
756,107813,64.95269212019097,1908,8,1632,3,1,392.1943318225495,724.3675043974258,StoneBr,Detchd,296660
757,23527,,1966,6,1497,3,3,743.8810040543979,323.7917735292766,StoneBr,CarPort,206302
758,15292,80.2391365610128,1932,3,1471,4,1,253.97446971709962,873.7399025847149,NoRidge,Attchd,109809
759,82813,,1889,1,883,1,1,777.2537477034354,1492.0473228992532,StoneBr,Attchd,150753
760,86830,59.638703629853936,1982,10,1259,2,1,511.401955831627,796.1812372287881,StoneBr,Detchd,293469
761,34044,58.98642189301893,1966,1,1599,5,1,576.4569450115602,891.9346140493544,StoneBr,BuiltIn,206016
762,86763,23.74042173918175,1887,10,1232,5,2,570.5924719141107,1658.653298714515,NoRidge,BuiltIn,189745
763,114829,60.708374659604225,1975,2,1668,2,2,599.4023734947369,728.5090318893855,NridgHt,None2,144959
764,156237,92.8728487623462,1885,10,1444,1,2,384.96778556325853,1328.7092223683094,NoRidge,Attchd,291051
765,32626,,1974,5,1439,2,3,0.0,307.4369523129401,Timber,Detchd,351786
766,152053,46.07795434226163,1939,7,1623,3,2,347.091597192353,632.8636493612619,StoneBr,Attchd,299866
767,101137,24.307300597019193,1901,1,1769,2,2,282.9938542952581,963.3037623779721,StoneBr,Attchd,322175
768,128708,66.58190235789844,1931,1,1886,2,2,539.4603715127154,1587.8035965683116,NridgHt,Attchd,156738
769,25049,92.17066846345546,1924,4,2556,4,2,,656.3949323523684,StoneBr,Detchd,148115
770,201444,58.50644003656441,1935,10,1968,5,2,414.71076065976166,651.1182354183705,NridgHt,None2,169953
771,206265,35.32185990050083,1885,6,737,5,2,848.6823457349985,1176.562742052872,StoneBr,,183734
772,184808,55.851827864689255,1894,9,945,3,2,335.884076897898,1247.037171147157,StoneBr,Attchd,320687
773,196555,77.82781273397832,1993,1,1370,3,2,0.0,602.3724890716126,NoRidge,Detchd,288419
774,37655,99.81849487661657,1878,10,1114,4,2,498.56372810883846,827.8877711899823,NoRidge,Detchd,224404
775,38981,63.839319325014685,1881,5,1720,3,2,,1534.0441034265814,Timber,CarPort,102062
776,69467,95.31741790124192,1973,9,1775,1,2,534.4524278069938,538.9760106545119,NridgHt,Attchd,92097
777,100820,92.65701155557804,1884,8,1261,4,1,396.67936225424467,1206.9082884416675,Timber,Attchd,199187
778,84061,41.76003622274831,1998,7,2139,4,2,524.4557660999624,829.8027983671077,NoRidge,Attchd,257280
779,21946,100.01699483845964,1919,10,2278,2,2,866.5260047622339,1672.7332420819068,NridgHt,Attchd,175253
780,10007,,1876,2,563,2,3,285.7226020164137,1311.8042730891705,NoRidge,Attchd,389172
781,126683,41.03960671013874,1932,9,764,1,1,479.6068614197101,1443.567110601066,NridgHt,Attchd,117340
782,34708,,1993,8,2091,4,1,616.367754098373,821.0005997724857,StoneBr,Attchd,111577
783,19022,,1961,10,1971,4,2,527.3318588024378,1418.9621534921637,Timber,Attchd,138704
784,48902,23.357364344537984,1974,10,1778,2,2,419.9564493215133,1407.5314075854633,Timber,CarPort,136611
785,158062,53.04960765030138,1961,9,1520,5,1,381.7662645814528,1285.0556157509775,NridgHt,Attchd,223313
786,170583,47.14109819883457,1874,9,1460,5,1,411.9683824159582,932.934531571352,Timber,Attchd,152837
787,167643,53.638241581243165,1895,9,1796,2,2,586.8549176404506,1128.3837464769667,NoRidge,BuiltIn,97409
788,180326,59.315550108202075,1988,3,1607,3,2,574.3872854377935,243.6605141941427,Timber,Detchd,258447
789,46602,,1969,7,2201,4,2,921.2697769435883,1829.203027307658,NridgHt,Detchd,89485
790,15540,62.91993499558873,1955,1,1157,1,2,144.1270440069286,791.8779813465085,Timber,Detchd,117868
791,105754,67.66035457655059,1990,9,1524,5,2,849.1920316288845,910.0005297006925,Timber,Detchd,94535
792,139618,84.0974412740213,1913,9,1982,3,1,429.2420655031568,478.48644426788314,NoRidge,BuiltIn,196548
793,171946,52.085527378545244,1912,3,1601,4,2,453.6143774229437,1352.4008463053249,StoneBr,Detchd,194898
794,37689,98.3440127440947,1953,5,1868,3,1,656.7688909240976,1289.323209276944,NoRidge,BuiltIn,389413
795,113238,40.595596034279815,1973,8,1860,4,2,,927.2683472608275,Timber,Attchd,260757
796,85498,84.76285253981021,1877,6,1291,4,1,720.5162592578129,32.07879518940376,Timber,Attchd,322053
797,87570,109.43851186446243,1993,10,979,2,2,767.2023398290837,744.6271381210507,StoneBr,BuiltIn,203060
798,167540,65.74344283264217,1896,10,1122,2,2,464.47616700922816,1258.9499647707053,StoneBr,Attchd,122399
799,153507,74.64316890371775,1912,9,946,1,2,,1167.37408565064,NoRidge,BuiltIn,190433
800,57081,46.76866263098868,1874,3,540,1,1,338.36057616995646,1036.717554183164,StoneBr,Attchd,229299
801,108031,57.717238620999346,1979,7,2088,3,1,407.6664471955116,870.8869763491673,NoRidge,Attchd,239746
802,10509,107.62428489315168,1928,6,524,2,2,434.04877523767243,363.9857548396226,NridgHt,BuiltIn,149769
803,179561,87.96357506520741,1954,5,2492,4,1,360.3012628401418,1480.1391578407392,Timber,Attchd,219988
804,179448,80.04506368225535,1945,4,1237,2,1,485.8092534100173,424.7868243341379,StoneBr,BuiltIn,124567
805,200054,23.48861086680286,2004,5,1368,4,2,664.8348904881863,967.3345519971824,NridgHt,CarPort,119193
806,169296,52.80465037440197,1957,4,719,2,2,612.3880391746527,602.6828427954774,NridgHt,BuiltIn,115786
807,112347,111.73580344784446,1968,3,1716,4,1,341.77855269342956,1493.2297678959799,NoRidge,Attchd,182711
808,52877,79.85996711497961,1886,7,1378,3,2,324.15856696722057,1312.5100082379809,NoRidge,Detchd,112947
809,70361,,1959,6,1547,2,3,289.95574291179685,900.1881941365564,StoneBr,,152652
810,141271,74.09332369470654,1965,4,1101,5,3,492.0014499760097,1360.4298455276094,NoRidge,Detchd,259622
811,136317,55.2882522655949,1997,9,1767,5,1,134.6995000859223,402.1264439893408,NridgHt,Detchd,119870
812,112112,77.98099817095463,1971,1,1082,4,2,282.411514645643,1022.1004017636848,NridgHt,,147870
813,46337,,1910,1,1556,3,2,374.81229044752774,593.9149543074438,Timber,Detchd,186179
814,163366,31.469087223062132,1950,9,1757,4,3,698.8493849825436,1507.002786966441,NridgHt,None2,199699
815,153770,52.353406734938666,1910,7,2276,3,2,444.7155619694381,1221.3130949474414,StoneBr,Attchd,148167
816,190375,74.61194166479837,1923,2,1938,1,2,688.2538226756935,1342.3249848196408,Timber,Attchd,247845
817,122291,32.32784499931664,2002,10,1562,2,2,513.1410057428684,814.126681135137,NoRidge,Attchd,229118
818,146061,73.0490246083576,1997,5,1510,3,2,371.49997851461114,1383.9720505973776,Timber,Attchd,285431
819,52057,46.130578088044686,1937,4,1679,4,2,380.30763352056,566.6456445287579,NridgHt,Detchd,175110
820,194011,49.36418870109052,1916,1,1917,1,1,223.4635626242361,629.6221700037673,StoneBr,,147368
821,23974,101.19012346396495,1893,9,1124,4,1,987.2809320991959,980.1063165361531,NoRidge,None2,137690
822,57939,,1954,6,1989,5,2,710.6496860236623,646.6565236250681,NoRidge,Attchd,204562
823,187758,48.30867091754684,2009,6,1023,5,3,,1368.516545903464,NridgHt,Attchd,155585
824,69713,74.48400334626284,1888,4,1754,2,2,194.0917277078845,849.152702011588,StoneBr,Attchd,144083
825,56796,34.72916070384903,1938,2,1799,2,2,376.35201701688834,582.5905104169044,NridgHt,Attchd,151221
826,167084,79.17592786719729,1878,8,1162,1,2,264.27859297429245,525.730143662293,NridgHt,Attchd,137632
827,78211,96.57563647638241,1972,8,705,5,1,500.2996018735372,1363.1556701997274,StoneBr,Attchd,195912
828,109227,85.88148964051832,1907,3,1376,3,2,274.55624765884306,0.0,NridgHt,Detchd,102824
829,2677,121.78514330651123,1938,7,334,5,2,329.5578157838179,613.1539392596862,StoneBr,Attchd,204234
830,2261,23.47861452970683,1948,7,1421,2,3,280.1528404134637,1672.8752001594016,StoneBr,Attchd,237146
831,7958,73.0472579219149,1958,5,859,4,1,421.69278850047385,905.8244978328582,NridgHt,Detchd,143410
832,192270,37.75598248421152,1943,5,3149,1,2,488.28494581347627,1371.5229517501075,NridgHt,Attchd,390284
833,56275,65.84268564755763,1930,8,2070,5,1,427.3619439812221,1244.6722018715957,Timber,Attchd,182200
834,186438,70.03705524189407,1891,4,1552,3,1,801.0419835980879,973.206181266691,NoRidge,Attchd,96884
835,152682,124.71629159138833,2000,1,2214,3,2,646.5768775529715,328.7382541142391,NoRidge,Attchd,161670
836,95289,,1980,1,1885,3,2,305.4309810998343,474.943031049953,StoneBr,Detchd,185512
837,127548,68.1176747131684,1885,9,904,1,1,542.6796158288923,467.54606713620797,Timber,Attchd,216512
838,119749,94.12381856056214,1895,4,1186,3,1,323.05852415845436,1268.6202697238361,StoneBr,BuiltIn,163218
839,194018,68.73227825133813,1981,1,2055,3,2,388.4434793479328,1350.945871757854,Timber,BuiltIn,120714
840,29933,113.94752980611116,2005,2,1010,5,3,575.5482015010726,671.2003998022656,StoneBr,Attchd,116753
841,74215,86.07242774359611,1909,10,1722,1,1,615.4490979849568,,NoRidge,None2,139298
842,16349,,2000,7,1869,4,2,347.2895489421552,1060.5623526293007,Timber,Attchd,144741
843,71480,25.178465525469846,1912,2,1378,4,1,236.55790842790114,1091.3276628134138,NridgHt,Attchd,114900
844,70000,117.64510765207724,1902,1,1594,3,3,491.76854851300686,722.4878623529548,NridgHt,Attchd,134954
845,174562,54.244985912750515,1907,10,1951,2,2,566.009195436536,1776.1064076848427,NoRidge,Attchd,235531
846,61391,,1976,9,1926,1,2,336.40619024802083,1354.5867678187726,Timber,Detchd,349822
847,61366,54.33510627675167,1980,5,1750,2,1,647.742666759038,,NridgHt,Attchd,244751
848,210919,,1902,4,1508,1,2,609.8087026988043,829.2335505761703,NridgHt,Detchd,305028
849,208175,41.14795918781584,1984,4,1823,1,2,333.28559831662835,,NridgHt,Detchd,267122
850,172564,72.47779980877804,2002,1,453,5,1,714.854707773861,1231.6759460315513,NoRidge,Attchd,252475
851,124969,22.722476957425634,1932,3,2289,3,1,721.3956388439435,849.0140710293036,StoneBr,Detchd,158054
852,197669,64.17274510451318,1877,1,1445,5,2,915.4809746034557,1115.7083157753573,NridgHt,BuiltIn,191411
853,77508,95.3864475352537,1891,5,1129,2,2,839.3165796485277,223.2023959989424,NridgHt,Attchd,152904
854,213234,85.16661370581241,1982,5,1829,2,1,279.8407703798176,824.4205128844828,StoneBr,Attchd,165739
855,4601,80.37844930374546,1932,9,1815,4,2,670.9462594652814,1009.1104131657802,NridgHt,,185922
856,28490,,1894,8,1002,5,1,661.2406694701131,1481.869560543191,Timber,Attchd,240684
857,70714,31.93371538434613,1950,5,1550,5,1,,652.0997392984636,NridgHt,Attchd,214302
858,36111,95.00305885651827,1902,5,1534,5,2,570.353891806131,404.71920783878636,StoneBr,Attchd,169580
859,194067,59.22496441743583,1875,7,1500,4,1,71.18853885210297,1252.233073050564,NoRidge,Detchd,184985
860,97765,,1989,2,2367,5,2,65.2474670709052,1028.8792251905204,NoRidge,Detchd,215173
861,183662,65.25773035066338,1937,7,1504,5,1,106.06662473998728,301.0316480223821,Timber,Attchd,236280
862,17458,86.137431277141,1986,1,1446,5,2,556.3009811853196,322.92197351006655,NridgHt,Attchd,98539
863,91286,114.23958510702302,1902,5,1157,5,2,566.4129542308932,773.0214789911536,NridgHt,Attchd,117578
864,205191,105.0969796341623,1994,6,1081,2,3,414.3887997806741,1020.234896820898,StoneBr,Attchd,281740
865,197828,21.0,1914,10,1720,3,1,841.3301935544825,1666.8961716720898,StoneBr,Attchd,176569
866,68502,62.59506468906306,1875,1,1268,2,2,684.234136222587,582.3798329564261,Timber,BuiltIn,152693
867,51387,37.678155555555065,1919,9,1416,5,1,130.9609784549762,1293.523158717419,Timber,Attchd,162822
868,1839,92.52229258192443,1960,9,1619,1,2,,196.1864997513601,NridgHt,Attchd,162809
869,111583,70.09560355897801,1997,1,1548,1,2,271.90734233720104,1215.4618297112975,NridgHt,Attchd,226158
870,52028,84.54764491684867,1948,4,1585,4,1,561.5951159064032,1718.390747452639,Timber,Detchd,116146
871,88139,60.54101270661299,1936,8,1583,2,2,466.4561101002105,1119.208370611076,NoRidge,Detchd,182723
872,84124,45.055081457656485,1940,2,1842,4,1,284.0426279840212,763.6757446504214,NoRidge,Attchd,199638
873,70760,49.16126243680095,1885,8,2901,4,1,835.6171215329782,1598.0833720452497,NoRidge,Attchd,211996
874,107993,,1946,10,2160,1,1,485.2829383031712,1210.159123942312,NoRidge,Attchd,197790
875,55070,39.672782331962324,1900,9,1324,2,2,,1124.4280323568894,Timber,Attchd,222387
876,23143,34.61696666779525,1950,9,2153,3,2,418.8280508154945,610.2152393007268,StoneBr,None2,143880
877,61752,45.14313573248533,1965,1,961,2,1,,1216.6949890535175,NoRidge,Detchd,124131
878,93080,43.78532406325161,1937,9,1217,4,2,,756.4096082411983,Timber,Detchd,483408
879,142906,,1986,4,1886,5,1,438.2568628526648,1193.723075152131,NoRidge,Attchd,160381
880,100356,78.51667947171995,1911,8,1869,4,1,260.69280845868093,1078.3086823821368,NridgHt,Attchd,168052
881,103295,79.43210096459646,1903,9,1830,2,2,294.05424043384994,1532.927163652254,NoRidge,Detchd,237269
882,64477,98.19988869403795,1891,3,1205,1,2,369.82148124499435,804.13340090259,Timber,Attchd,342576
883,2289,68.11989060697324,1924,6,1208,2,1,,991.4367861170389,NridgHt,None2,145510
884,35441,51.260449670010104,1920,3,1583,3,1,,1407.4595109995994,NridgHt,Attchd,121332
885,2052,123.07368582232486,1960,1,1382,5,2,317.73419197934084,953.3795060879954,NoRidge,Attchd,110079
886,21306,91.7355016792911,1953,10,1981,5,1,644.3626792415016,1047.5500220426095,NoRidge,Detchd,342168
887,38479,73.65567503690939,1872,6,1369,4,1,278.5561999748272,878.444923514836,NridgHt,Attchd,119440
888,141395,71.98898689581594,1932,5,1353,2,2,342.08043805137874,985.1594767602023,StoneBr,Attchd,178937
889,33480,76.9516845016072,2001,3,661,1,2,162.80196656903126,1351.5503741500615,Timber,Attchd,122381
890,2360,65.14956927149878,1965,4,1974,3,2,156.42814231675464,1862.9655436881637,Timber,Detchd,101364
891,1790,73.07738899609174,1888,2,1684,4,2,276.2425447895416,320.13797822732374,Timber,Attchd,160952
892,43917,81.9851118547791,1988,10,334,2,1,467.49340423967857,501.65669047038944,Timber,Attchd,124330
893,81380,52.56313086482693,1977,10,1748,1,2,260.28798454929085,994.891946678603,Timber,Detchd,137195
894,138442,30.78121955591117,2003,4,1304,2,1,793.590053405021,1078.7936122061408,NridgHt,Attchd,403631
895,34897,21.0,1956,4,1922,1,2,273.4456449256029,961.4508199453556,Timber,BuiltIn,214437
896,106811,91.30957165440915,1914,3,1459,2,2,512.3645301353038,814.110706510917,StoneBr,Attchd,262604
897,17686,,1947,6,1092,2,2,755.5319949920708,515.9950556029303,StoneBr,Detchd,251621
898,116662,,1921,1,2422,4,2,492.79769731458344,788.8742057689237,NoRidge,Attchd,173767
899,153588,42.29545851884478,1932,9,2340,2,2,395.1220136278294,1415.766875740073,NoRidge,Detchd,151740
900,71116,42.682097294561686,1975,10,1417,2,1,504.4598375224609,1097.8563147876046,NoRidge,Detchd,199863
901,80008,52.763229747861715,1922,3,1710,4,2,352.7887818910221,1353.5716731802522,NoRidge,BuiltIn,193531
902,68796,,1948,3,1273,4,2,258.8268324748635,528.7012232826743,NridgHt,Attchd,144104
903,143846,39.073798998937775,1969,3,619,5,2,604.1191452113765,1690.9789177929486,StoneBr,Attchd,190566
904,24804,55.19362071294115,1954,7,2206,5,1,348.2141439035012,810.332638095769,NridgHt,Detchd,136391
905,210274,69.38274226766664,1949,8,1096,4,1,,1265.6135146687761,StoneBr,Attchd,168928
906,201506,40.95371701967347,1876,2,2183,3,1,643.4002390987595,1002.0896464651627,NridgHt,Attchd,158213
907,97661,,2009,1,1881,1,1,508.5917330062764,819.9337053677427,StoneBr,BuiltIn,108908
908,180270,28.659094177748763,1959,5,1665,4,2,680.7695802648658,1247.0073396154767,NoRidge,Attchd,70640
909,208623,64.76393962118009,1888,8,1493,5,1,356.57132734397015,1320.6238009827352,StoneBr,None2,124267
910,16205,,1936,3,1883,2,1,,2237.0382735255753,NoRidge,Attchd,372300
911,168901,,1995,6,1026,4,2,639.6146000174599,1337.6395069427522,StoneBr,Detchd,159842
912,192308,,1892,3,2215,4,2,408.49580130158756,1331.0541587556222,NridgHt,Attchd,246767
913,54496,73.18860838401396,1982,6,1590,5,2,381.04005073277847,1559.6030328034835,Timber,Attchd,77345
914,12107,50.63750915193954,1978,4,2299,5,2,543.4121088070779,1290.4839149879983,StoneBr,None2,120873
915,185528,68.14041341603473,1893,7,1450,3,1,894.2043134046194,1040.0042164324818,NridgHt,Attchd,105242
916,31506,,1940,10,1589,5,1,423.3016112767703,1199.9932900329536,Timber,BuiltIn,166857
917,80054,58.788623240370626,1907,1,1653,5,1,376.53471211521804,1432.2602886509471,NridgHt,Detchd,476678
918,207924,88.34391073912926,1944,1,1817,5,2,725.1764875374303,1667.545032522698,Timber,Attchd,217490
919,117696,79.42554256916776,1962,5,2465,2,1,487.5803669196607,393.8094152012278,NoRidge,BuiltIn,356489
920,153066,,1997,9,1285,4,2,658.328507906705,227.18434844385865,StoneBr,Attchd,163413
921,153809,,1970,5,1447,4,1,788.571061288236,1648.9368218204027,NridgHt,Detchd,312313
922,204939,52.21750927160506,1886,4,1504,5,3,64.89688838105741,706.91483048798,StoneBr,Attchd,414620
923,42463,,1915,8,334,3,2,464.95796742993025,329.16741575649894,NoRidge,Detchd,173176
924,163113,52.64762324113437,1968,5,1223,5,2,423.8220074904244,287.8880082642496,NoRidge,Detchd,145817
925,4947,62.41423938779833,1907,1,1257,3,2,267.061215766752,1848.0112832541558,StoneBr,Attchd,106797
926,203692,66.09653704534855,1901,7,2900,4,2,62.412304555802166,1442.2720255777879,NridgHt,Detchd,159882
927,28656,78.12599418127269,1897,4,1650,3,2,132.41939503814876,707.9542543737632,NridgHt,Attchd,186945
928,169131,21.0,1956,10,1774,3,3,495.33491932005546,726.1018444909274,NridgHt,Attchd,407663
929,154037,80.99237323575655,1972,5,743,1,2,358.71628972577,1081.0849830615462,StoneBr,Attchd,107777
930,43620,67.54049864458217,1992,6,1482,3,2,301.40761239916884,1434.2724285429147,NridgHt,Attchd,185290
931,84253,76.8577638706382,1902,7,2006,3,2,493.2074592589586,927.930592862886,NridgHt,Attchd,87561
932,11690,82.05971976693046,1888,2,2836,2,2,324.8805312195205,711.9335875369802,Timber,Attchd,152529
933,64894,79.45141211179035,1969,1,1155,4,1,749.098656698621,1555.2854406607944,NridgHt,Attchd,204919
934,6835,21.823339545782744,1997,3,561,5,1,340.13077281392555,1045.6570544696176,NoRidge,Attchd,222092
935,187211,44.535745629087465,1895,10,1107,1,2,795.1388052741287,972.8762230263935,NridgHt,Attchd,228988
936,204368,,1993,1,1110,3,1,466.57663334174896,1316.942710263208,StoneBr,Detchd,212092
937,158350,74.79270871900955,2003,4,1114,2,1,333.4934869107408,119.15037859180313,StoneBr,Detchd,228201
938,213713,51.050711547608294,2008,6,1991,2,1,317.94314188618654,1265.1451777193797,NridgHt,Attchd,184261
939,151131,87.70334080143715,2001,5,1694,5,2,796.9519705980432,1237.3921826473418,StoneBr,BuiltIn,118975
940,174913,,1994,4,922,5,2,621.908343310509,451.65563511309097,StoneBr,,86262
941,22057,91.25743249316452,1909,7,2258,4,2,,204.73719637660486,NridgHt,Detchd,145384
942,102592,99.04051147469785,2002,6,2508,3,2,498.4823856000663,809.245277986651,Timber,Attchd,171436
943,176353,,1928,3,619,2,2,0.0,1137.3253051740098,Timber,Attchd,298757
944,98574,83.33325956398136,1913,9,2133,1,1,188.03667581703303,1182.0583766433601,Timber,BuiltIn,173785
945,204829,55.39695804562574,1924,5,1425,4,1,312.4382247967558,1805.0764046418215,Timber,Detchd,167240
946,22075,91.41303694743965,1990,10,1020,3,2,307.1891055894898,1137.521142510308,NoRidge,Attchd,211087
947,74348,75.23498487234407,1992,1,751,5,1,732.5851500971212,442.91509618907287,NridgHt,Attchd,162398
948,114716,,1927,6,1277,3,1,63.36405203346783,946.8235360708308,StoneBr,Detchd,250204
949,6116,40.74836000277626,1958,5,1241,5,2,167.44940277594412,486.89554959988027,StoneBr,Detchd,399332
950,197480,58.34940714150161,1947,10,1592,3,2,569.8124194241391,978.3735399552663,NridgHt,BuiltIn,434577
951,166335,43.37258692384616,1956,8,2641,1,2,522.2782750365849,1675.5118225350043,StoneBr,Attchd,188081
952,34624,88.27575373454467,1956,4,1248,4,2,398.14904118558957,1258.6075920005176,NoRidge,Attchd,207020
953,199801,99.29031783013276,1952,1,776,5,2,912.2326307625364,740.5754742004151,Timber,Attchd,340223
954,135162,91.99046077431689,1879,2,1341,1,2,605.1251176597509,1317.0375979515904,NridgHt,Attchd,170387
955,163442,129.66448591066415,1882,8,2062,2,3,734.6844870104061,715.5536301337688,StoneBr,Attchd,237397
956,11034,58.95023388407264,2009,10,1384,1,1,462.1287746553135,0.0,NoRidge,BuiltIn,114892
957,9421,84.3177362772052,1986,8,1857,1,2,356.67342128098267,515.5005635450646,StoneBr,Attchd,159768
958,134263,41.64748085001171,1952,5,1604,1,2,359.12431323688054,1258.255336413598,NoRidge,Detchd,287294
959,43542,65.2659846315448,1958,6,1547,5,2,671.5202910337229,1396.055521689202,StoneBr,Attchd,135745
960,52709,34.54361898748295,1913,2,2348,2,2,,1811.047334452874,Timber,,171887
961,201012,,1908,9,1006,4,2,426.2178596483981,1206.7778571324734,NridgHt,Attchd,96387
962,55103,61.46820009005917,1963,6,968,1,2,573.9189876906103,1648.4029298063774,Timber,Attchd,403577
963,45877,21.0,1956,9,1037,5,1,679.000263559684,1333.6108964197306,Timber,Detchd,299846
964,41205,53.55955736955846,1930,10,1696,5,3,,1468.5197898972224,StoneBr,Attchd,195058
965,97992,113.03474386257992,1908,3,1543,4,2,399.513368409001,1540.6552936126059,Timber,Attchd,221642
966,151336,,1892,6,1887,3,2,568.5810673542526,1270.8005316685033,NridgHt,Attchd,211964
967,206316,88.45822391093799,2001,10,1475,2,2,90.22670486660769,1528.858588817799,NoRidge,Attchd,314752
968,17283,,1954,5,1412,2,1,572.6367255345725,750.335211320987,NoRidge,Detchd,147015
969,10015,,1872,9,1687,1,1,232.239501256875,0.0,StoneBr,Attchd,242491
970,134642,70.37389633142924,1978,10,2405,3,2,674.5138256612681,1342.6747300968966,NridgHt,Detchd,278391
971,84350,75.89038538137083,1899,1,904,2,2,932.6259530294697,1221.5277750469575,NridgHt,Detchd,294179
972,146343,43.68034130557562,1921,9,1031,1,1,323.80598062932563,672.755548725574,NoRidge,Attchd,73281
973,98276,88.3134883777253,1906,5,1536,3,2,184.17624073942414,502.78339566921375,NoRidge,Attchd,142358
974,65706,96.92385980769954,2008,1,2582,5,2,434.4995530084736,1114.36628105286,Timber,Detchd,120348
975,84864,65.28185447333605,2003,10,952,1,2,416.234406412369,1371.7287370972392,StoneBr,,192076
976,112032,57.44702968920194,1912,8,1509,3,2,614.3948984342234,1285.240521755761,NoRidge,Attchd,80773
977,119590,52.194184008524715,1938,7,1054,4,2,523.0891205313831,609.3756976079275,NoRidge,Attchd,79822
978,22436,112.22119848549829,1919,6,1724,2,2,409.58531951318145,707.8265647562603,NridgHt,Attchd,430995
979,93118,59.14549985935464,1957,2,431,1,1,492.391310769102,1350.9040709217008,NridgHt,Attchd,231628
980,150477,85.67954354114897,1929,5,971,5,1,,1088.9092089029646,NridgHt,Attchd,189893
981,135670,65.45023130841626,1910,3,2186,1,2,650.452019285089,1522.4075685733847,NoRidge,Attchd,209249
982,28520,,1896,2,1519,2,3,,915.0836184649975,StoneBr,Attchd,191827
983,189844,51.64600719506265,1931,10,1123,2,1,216.71421251521417,1381.651387553085,Timber,Attchd,269616
984,123543,,1988,1,1490,3,2,135.03986282944567,1039.5937263730414,StoneBr,Attchd,140482
985,183911,,1957,9,1481,5,2,386.9530766759599,739.6902569139901,NoRidge,BuiltIn,194942
986,12485,46.169860479278334,1985,2,1809,3,2,211.6053178956085,1464.4634839109408,Timber,Attchd,198150
987,140855,81.10046175020987,1955,1,425,5,3,199.88941581635368,621.2657581425425,StoneBr,BuiltIn,119023
988,130600,72.17401416355592,1995,7,970,1,2,172.96804193135443,1089.5526823137577,NoRidge,Attchd,301525
989,121135,88.06332482750169,1982,9,1013,1,2,431.56908725441656,1134.9165363947604,StoneBr,Detchd,151379
990,47823,55.36110614582666,1913,6,1845,3,2,384.95559149360577,1004.1932556498334,NoRidge,Attchd,271789
991,39208,,1923,8,1511,4,1,552.8769817649263,1491.9609805550344,NridgHt,,189431
992,71798,66.61142602983192,1919,7,2271,2,2,352.514962288689,1308.378157112947,StoneBr,Attchd,347753
993,101557,132.2006733114295,1903,9,1950,3,2,212.6383775542957,1256.0551067686115,NridgHt,Attchd,119284
994,6554,31.259767960843845,2002,7,1333,3,1,469.38704229816454,1087.055285259189,NridgHt,BuiltIn,117232
995,211384,128.2944337138457,1989,6,1488,1,1,246.46900693832214,1871.927866166132,Timber,Attchd,125937
996,121080,,1894,1,2194,2,2,582.6046195274588,1699.9889266491105,Timber,BuiltIn,190829
997,72817,75.34725044125265,2006,9,2267,3,2,116.42832062053589,1460.6293818530808,StoneBr,Attchd,335173
998,64804,55.49705364138042,1998,10,1464,1,2,9.714436892820004,1388.4900988183008,NoRidge,Attchd,342166
999,17971,32.34684896743869,1908,5,997,1,1,128.50864212822682,792.6086601731818,Timber,Attchd,71813
1000,102766,57.318477471510974,1878,2,412,3,2,383.4796441325276,1035.4542293444265,Timber,Detchd,199925
