PassengerId,Survived,Pclass,Name,Sex,Age,SibSp,Parch,Fare,Cabin,Embarked
1,1,1,Passenger_0,male,32.98512807217121,4,3,28.580960745598656,,C
2,1,3,Passenger_1,male,33.23857710553041,0,0,34.617511053213576,,S
3,1,1,Passenger_2,male,52.74956139751963,1,3,2.6145457745545957,,S
4,0,1,Passenger_3,male,15.600748899712345,3,2,25.163292363277137,,S
5,0,1,Passenger_4,female,,4,0,39.537123947418486,,C
6,0,3,Passenger_5,male,,1,0,5.85943777001423,,S
7,0,3,Passenger_6,male,,2,1,48.544105791171575,E27,S
8,0,3,Passenger_7,male,54.405617079678066,4,0,28.04876694870217,,C
9,0,1,Passenger_8,male,12.318982766712285,4,1,97.31793635553645,,S
10,1,3,Passenger_9,female,18.27172427323216,3,1,1.3871491367076,,C
11,1,3,Passenger_10,male,,4,1,9.866515289902017,,S
12,1,3,Passenger_11,male,5.156501342864985,3,2,29.4458558451918,,S
13,0,2,Passenger_12,male,40.28892197002334,1,3,11.256722211348327,,S
14,1,2,Passenger_13,male,9.917659165215117,2,1,40.10392512604029,,C
15,1,3,Passenger_14,male,,2,0,45.53536847711513,,S
16,0,1,Passenger_15,female,,4,0,3.4611182732350105,,S
17,1,3,Passenger_16,male,5.151428172490721,4,1,23.079911793442427,E35,S
18,0,3,Passenger_17,female,22.071088710575278,1,1,22.754824799674097,B13,S
19,1,3,Passenger_18,male,43.305517662418296,3,0,14.748623237992216,,Q
20,0,3,Passenger_19,male,29.266584491087972,2,1,86.46213868054961,,S
21,0,3,Passenger_20,female,24.999988979588007,3,3,56.236629764098616,B24,S
22,0,1,Passenger_21,female,,1,3,38.23083973594815,,Q
23,1,1,Passenger_22,male,59.87335353806303,2,2,40.09299852241759,E78,S
24,1,3,Passenger_23,male,39.11160198179281,2,1,19.819815815336828,,S
25,0,3,Passenger_24,female,20.980036956582033,0,2,81.22361842278521,D29,S
26,0,2,Passenger_25,male,23.845997523870192,1,2,37.95577322669469,,C
27,1,1,Passenger_26,male,,1,2,41.77813047536906,B27,S
28,1,3,Passenger_27,female,31.11144391155673,0,1,63.3044566678903,,S
29,0,3,Passenger_28,male,6.885698196331418,3,2,10.249724061720784,,S
30,1,3,Passenger_29,male,,0,3,52.65384112398717,A13,S
31,1,3,Passenger_30,male,57.77803663895935,1,2,6.950781820769064,,S
32,1,3,Passenger_31,male,,3,3,13.556551813312463,,S
33,0,3,Passenger_32,female,,2,3,13.084372360647292,,S
34,0,3,Passenger_33,male,37.07712377684506,0,1,122.9084039120837,,S
35,1,3,Passenger_34,female,52.38746823232228,3,2,62.13374964391816,C76,S
36,0,3,Passenger_35,male,51.68692489365594,3,1,38.652158911516416,,C
37,1,3,Passenger_36,male,15.64738951811281,3,3,41.55172554944686,C18,C
38,1,3,Passenger_37,male,,0,0,26.42248254989219,,C
39,0,2,Passenger_38,female,27.48657913901722,2,2,94.05361697629445,,S
40,0,1,Passenger_39,female,40.992305470791614,3,1,21.942161322273787,,S
41,0,1,Passenger_40,male,,0,0,15.323877301829468,,S
42,1,1,Passenger_41,male,0.5,1,2,5.695149694084855,,Q
43,1,1,Passenger_42,male,,0,2,49.367702972259835,C21,C
44,0,1,Passenger_43,female,32.47981708054809,0,1,42.42973702311048,,C
45,0,2,Passenger_44,male,9.61889045977616,0,0,15.522714971170696,,S
46,0,3,Passenger_45,male,37.8343081381238,3,1,0.8165184305405144,E82,S
47,1,3,Passenger_46,male,8.363786615821574,0,2,58.44269811554053,,S
48,1,1,Passenger_47,male,18.52185333616125,1,2,0.36747741133643375,A80,S
49,1,3,Passenger_48,male,48.47836687580188,3,3,38.92422658112761,,S
50,0,3,Passenger_49,male,,1,2,112.48528505407398,B65,Q
51,0,3,Passenger_50,female,37.735537428823456,4,2,18.420831732382684,,S
52,1,3,Passenger_51,male,5.1499679492783805,0,0,8.57102979355862,C32,S
53,0,1,Passenger_52,male,58.83840519471198,3,0,39.05096845183354,,S
54,0,1,Passenger_53,male,25.436249061178394,3,3,54.36702723229841,,Q
55,0,2,Passenger_54,male,31.034491297268065,0,3,25.299403622044817,,S
56,0,1,Passenger_55,female,32.20651515168551,2,3,109.19415156489866,,S
57,1,3,Passenger_56,male,,2,1,1.6976444173619725,,Q
58,0,2,Passenger_57,male,,1,1,22.48910940571436,,S
59,1,2,Passenger_58,male,,0,3,40.5586959151929,,S
60,1,1,Passenger_59,male,20.477236439061006,0,1,63.52491175778173,,S
61,0,2,Passenger_60,male,6.046198834904217,4,2,6.3213939251185565,,S
62,1,3,Passenger_61,male,43.51971080180194,2,3,51.50257028492936,,C
63,1,3,Passenger_62,male,24.76957822960573,2,3,25.745330796794555,,C
64,0,1,Passenger_63,female,33.095285958575275,0,1,16.163142192088937,,S
65,1,1,Passenger_64,male,32.21783586219283,1,0,4.519529923663767,,S
66,1,1,Passenger_65,male,25.012068186734414,0,3,64.14955873933616,,S
67,1,1,Passenger_66,female,,1,1,5.475598844041952,,S
68,1,3,Passenger_67,male,29.03829486319387,2,1,11.864200903117839,,S
69,1,1,Passenger_68,male,,4,0,10.961742096887066,E22,S
70,1,3,Passenger_69,male,24.094660957433547,3,3,65.63704331840992,,S
71,1,3,Passenger_70,male,36.696326681569545,2,0,35.74039186323614,,C
72,1,1,Passenger_71,male,,1,2,50.975393865940504,,S
73,0,2,Passenger_72,male,,0,0,9.22579623018324,,
74,0,3,Passenger_73,female,42.712755102826776,2,0,31.37579439925012,,S
75,0,3,Passenger_74,male,5.019862995805436,4,1,27.13724038792115,,C
76,1,3,Passenger_75,male,45.71789283662986,1,0,57.23988077417336,,S
77,1,3,Passenger_76,male,11.229129552076323,0,2,75.69238723872238,,S
78,1,3,Passenger_77,male,,3,1,0.39140062108707996,,S
79,0,2,Passenger_78,male,44.6039614923738,1,2,35.86940802846515,,C
80,0,3,Passenger_79,male,,0,0,1.7032826894791278,,S
81,0,3,Passenger_80,male,41.13377924798998,3,2,25.471187435836466,,C
82,1,3,Passenger_81,female,38.36126743593905,0,2,10.853173458236352,E92,Q
83,0,3,Passenger_82,male,47.70776058766441,3,0,11.72489486494278,,C
84,0,3,Passenger_83,female,,3,0,13.931035189731748,,S
85,1,2,Passenger_84,female,23.347579680489815,3,1,31.07171216442436,C97,
86,0,1,Passenger_85,male,38.56118287310851,0,1,13.009300313050687,,S
87,1,3,Passenger_86,female,8.32827393623155,3,3,42.220163327768596,,Q
88,0,3,Passenger_87,female,28.88933129727101,1,1,16.588796120762535,B98,S
89,1,3,Passenger_88,male,41.15878628493955,4,0,2.2656482052348412,E64,S
90,1,3,Passenger_89,female,31.573867159444,4,2,49.003700754666674,,S
91,1,3,Passenger_90,male,,3,2,10.769084574454842,,S
92,1,2,Passenger_91,male,26.71418673647892,4,1,18.14351720515017,,S
93,1,1,Passenger_92,female,45.506972125492,4,1,37.010969185018425,B58,S
94,0,3,Passenger_93,male,28.574179168074103,3,0,12.932806678095929,,S
95,1,3,Passenger_94,male,23.183697446343253,3,2,1.8639905223647388,,C
96,1,3,Passenger_95,male,42.111243775966756,1,3,14.984921371268715,A39,S
97,1,3,Passenger_96,female,10.02776108689756,2,3,92.49427997337703,,S
98,1,3,Passenger_97,female,36.71446680924283,0,1,32.84738114147559,,S
99,0,2,Passenger_98,male,,3,3,35.62095899824133,,S
100,1,2,Passenger_99,female,,3,0,32.01405941555643,,C
101,0,3,Passenger_100,male,,4,3,7.100304573720723,C60,S
102,1,1,Passenger_101,male,31.589786091475638,1,1,17.339476656348552,,S
103,1,2,Passenger_102,female,35.475985553017715,4,0,44.48194041915757,C91,S
104,0,2,Passenger_103,female,2.684415651601796,3,2,3.4203879057396365,,Q
105,0,3,Passenger_104,male,20.591812218204005,3,0,10.41683998858544,,S
106,0,1,Passenger_105,male,44.309642730011745,4,1,10.348951721859263,D51,C
107,1,3,Passenger_106,female,41.848710338392436,3,1,18.10134988947139,,S
108,0,3,Passenger_107,female,33.662450875533025,2,3,125.78022826494899,,S
109,1,3,Passenger_108,male,10.807510000042672,0,3,2.2364434718759356,,S
110,0,3,Passenger_109,male,,0,2,23.400530198590314,C86,C
111,0,2,Passenger_110,female,39.68759426287624,0,2,6.325646741616362,,S
112,1,3,Passenger_111,female,,2,1,112.93976272722476,,Q
113,0,3,Passenger_112,male,46.8243933082804,3,1,3.8480808049773603,,S
114,0,3,Passenger_113,female,20.131954938178275,4,1,16.53905205695164,,S
115,1,3,Passenger_114,female,22.56199391500035,1,2,42.84710023576666,C45,S
116,1,3,Passenger_115,female,0.5,3,1,39.01666075850099,,C
117,1,1,Passenger_116,female,42.57758514206729,2,2,17.58217033663711,,S
118,0,1,Passenger_117,male,,2,1,13.614391325818254,,C
119,0,3,Passenger_118,male,6.1545154481347915,0,0,16.21933284589203,,Q
120,0,2,Passenger_119,male,5.079614000081936,3,0,9.82081882464126,A96,Q
121,0,2,Passenger_120,male,17.48317121680585,0,1,7.3546253718828,,S
122,0,3,Passenger_121,female,40.81121118772495,1,0,21.113254139788165,D38,S
123,1,2,Passenger_122,female,25.4949531667592,0,2,10.006534590525924,,C
124,0,2,Passenger_123,male,,1,3,10.845490068278842,,S
125,1,3,Passenger_124,male,15.614377496831057,2,0,34.21804478026189,A90,S
126,0,3,Passenger_125,male,14.987232590405382,0,3,110.6865142178021,,S
127,1,2,Passenger_126,female,2.628503784494157,0,0,29.613610462165354,,S
128,0,3,Passenger_127,male,12.796458356950758,4,2,2.563321563518243,A84,S
129,0,3,Passenger_128,male,,2,0,2.5149655836336344,,S
130,1,2,Passenger_129,male,39.25672531040004,4,0,96.78750903783776,,S
131,0,1,Passenger_130,male,27.379877255947388,1,1,11.289987670987502,,S
132,1,1,Passenger_131,male,18.14181219775555,1,3,3.0907096422658165,,S
133,0,3,Passenger_132,female,,2,3,29.24496152828237,,S
134,0,2,Passenger_133,male,20.40544321034668,1,2,31.271439081618684,,S
135,1,3,Passenger_134,male,46.0394408013709,2,2,33.45789698634022,,S
136,0,3,Passenger_135,male,52.395519809028016,1,3,9.95706229342611,B60,S
137,1,3,Passenger_136,male,7.720555272797196,3,1,0.48723244431651563,,S
138,0,3,Passenger_137,female,30.73548149702995,0,1,107.29108611865482,,S
139,0,3,Passenger_138,male,22.454528887284862,3,3,9.243952304616506,,C
140,0,2,Passenger_139,female,21.3150584481693,2,0,36.06697287827715,,S
141,0,1,Passenger_140,male,37.47527543529671,2,3,39.24224718240244,,C
142,0,3,Passenger_141,male,20.97981305007403,3,0,30.132081862138232,B81,S
143,0,2,Passenger_142,male,22.75643335142941,0,3,12.009158351490855,,S
144,0,3,Passenger_143,female,27.346391461245886,0,0,10.118834913042111,,S
145,1,3,Passenger_144,male,24.472410242728028,4,1,29.135307623051485,C95,S
146,0,3,Passenger_145,female,,1,3,64.34014135980769,,S
147,0,2,Passenger_146,male,40.842691067864635,4,2,93.83846275016202,,S
148,0,3,Passenger_147,male,44.37943313910641,0,0,3.5822126450376683,,S
149,1,2,Passenger_148,female,,3,1,5.382907099619104,,S
150,1,3,Passenger_149,female,24.428262885688277,1,2,92.66042431036541,C38,S
151,0,1,Passenger_150,male,19.827049691383063,3,1,42.682739641879124,C72,Q
152,0,3,Passenger_151,male,19.84931911902975,4,0,68.6569141230223,,S
153,0,1,Passenger_152,male,,2,3,7.246072657599746,,S
154,1,3,Passenger_153,male,42.82973622193302,3,1,28.343272552470687,E77,S
155,0,1,Passenger_154,female,17.938458899833265,4,3,38.6489179382746,A44,S
156,1,2,Passenger_155,male,32.00576958411997,4,3,36.473087563173685,,C
157,0,3,Passenger_156,male,24.624509648608928,4,1,16.78415716812619,,S
158,1,2,Passenger_157,female,37.873205266188066,2,1,0.49646795086127915,,S
159,1,1,Passenger_158,female,37.30898743905078,2,1,27.98373603490148,B10,C
160,0,2,Passenger_159,male,44.87053515467659,2,3,9.338433036112464,,S
161,0,3,Passenger_160,female,17.792209578729263,1,2,19.14557994712641,,S
162,0,3,Passenger_161,male,31.166294180933825,2,0,101.12509630401739,,Q
163,0,1,Passenger_162,male,5.22034221059463,2,2,16.29501155103079,,S
164,0,3,Passenger_163,female,12.097235793996173,2,3,58.60295275246214,,S
165,0,1,Passenger_164,male,,3,1,6.685469797481489,B84,S
166,0,3,Passenger_165,male,16.39042692032542,2,1,35.71669166281512,,S
167,1,2,Passenger_166,male,17.92727682733003,1,0,120.72203122194126,,S
168,0,3,Passenger_167,female,,4,0,3.438917645460084,,C
169,0,2,Passenger_168,male,,3,2,0.26735187600783544,,S
170,1,3,Passenger_169,male,14.848424858322652,0,2,18.189579418402204,,C
171,0,2,Passenger_170,female,0.5,2,0,3.1103998636355197,,Q
172,0,2,Passenger_171,male,,4,3,44.15528169266435,,S
173,0,2,Passenger_172,female,46.57879309133972,4,2,78.7138634526821,,S
174,0,3,Passenger_173,female,34.503890714236235,3,1,18.214344183079607,,S
175,1,3,Passenger_174,male,48.23424725302098,0,1,9.579698639850216,,C
176,1,3,Passenger_175,male,,1,3,18.235969041067055,E12,C
177,0,3,Passenger_176,male,6.74845225270321,4,0,41.1313840625939,D56,S
178,0,3,Passenger_177,male,36.175679737065565,4,2,0.2910527874313155,,S
179,1,3,Passenger_178,female,33.06031832759064,4,1,28.488552713263296,,S
180,0,1,Passenger_179,male,,4,0,30.402706491268663,C72,C
181,1,3,Passenger_180,male,42.761952997107954,3,2,32.48800772330137,,S
182,1,1,Passenger_181,male,,0,3,8.867232736844851,C40,S
183,1,3,Passenger_182,male,35.378646303965304,4,1,40.06233064423477,D26,C
184,0,3,Passenger_183,male,39.71009819321597,1,3,3.066910579386752,,S
185,0,3,Passenger_184,female,36.733832850618384,1,3,7.111420402860749,,S
186,0,3,Passenger_185,male,41.70424304404368,2,3,67.18079237697667,C91,S
187,1,3,Passenger_186,female,43.819291546900146,4,2,42.94959067665054,,S
188,0,3,Passenger_187,male,51.14364321737281,4,3,0.44290876348564745,,S
189,0,1,Passenger_188,male,20.611321451348488,4,2,9.136621647477785,,Q
190,1,2,Passenger_189,male,36.427869503750465,4,2,7.722104776271125,,S
191,0,3,Passenger_190,female,,4,3,10.10610925661689,,S
192,0,3,Passenger_191,male,18.030174178090263,1,3,9.101878862627919,,S
193,0,1,Passenger_192,male,20.04643550487487,0,0,2.0661302503460703,B24,S
194,1,1,Passenger_193,male,36.629377245861356,0,1,19.655233770948335,,S
195,0,1,Passenger_194,female,35.555535767004,2,0,42.22428469437666,,C
196,1,1,Passenger_195,male,35.305768409338114,1,1,29.864424502237355,,C
197,1,3,Passenger_196,male,26.540008934029334,4,1,35.7568874977007,,S
198,1,3,Passenger_197,female,29.747806516497747,0,0,2.7082078985022386,,S
199,0,3,Passenger_198,female,41.14853774226469,3,0,96.83199861228844,B71,S
200,0,3,Passenger_199,male,8.848497164909713,3,1,58.34238634106526,E56,Q
201,0,3,Passenger_200,male,30.044989378000178,3,1,52.32700798362232,,S
202,1,1,Passenger_201,male,,4,1,55.40844971695139,,C
203,1,2,Passenger_202,male,,4,2,86.36003818228428,,S
204,0,3,Passenger_203,female,10.796522232800449,2,1,25.14622617120113,,
205,1,1,Passenger_204,male,50.63187243724376,2,3,7.1518763455791055,,S
206,0,2,Passenger_205,female,,2,3,30.692974617522506,,C
207,0,2,Passenger_206,male,,3,3,43.462981959514735,D43,S
208,0,1,Passenger_207,male,24.080683397348828,4,0,42.85105703594882,,S
209,0,1,Passenger_208,female,,3,0,23.583761318294886,,S
210,0,3,Passenger_209,female,,2,0,2.2692727547851863,E87,C
211,0,1,Passenger_210,male,46.62574721749052,4,1,14.841714904201423,,S
212,0,3,Passenger_211,male,9.519080527109384,1,3,81.13143867850452,,Q
213,1,1,Passenger_212,male,32.15764161846711,0,1,28.100790763938615,,C
214,0,3,Passenger_213,female,35.41917287728397,0,2,24.73309241711636,,S
215,1,3,Passenger_214,female,27.090786478916716,2,2,10.020526354747643,D34,C
216,1,3,Passenger_215,male,24.03467847370135,3,0,14.70644651370071,,S
217,0,3,Passenger_216,male,24.618598094438095,1,2,72.22708672188818,D23,S
218,1,2,Passenger_217,female,32.14494977114959,4,3,35.136051767874086,,S
219,1,2,Passenger_218,female,4.360575386270117,3,2,49.54501737839873,,S
220,1,2,Passenger_219,female,43.21020945488522,2,0,19.384612685481553,B11,C
221,0,1,Passenger_220,male,22.97815385225809,3,1,31.837461035360697,,S
222,0,1,Passenger_221,male,31.489237763134955,2,2,9.136934502282822,,S
223,0,3,Passenger_222,male,,0,3,39.114984979327495,,S
224,0,3,Passenger_223,female,22.338724577618606,0,3,17.853425962315594,,S
225,0,3,Passenger_224,male,27.865462302014055,3,3,18.699981436927207,,S
226,1,3,Passenger_225,male,1.2066366312429437,1,1,33.53240899370252,,C
227,1,3,Passenger_226,male,39.94973050266301,4,3,88.10452950751163,,S
228,0,3,Passenger_227,female,44.8209660045103,2,0,2.1166906589535706,,S
229,1,3,Passenger_228,male,5.886090272857448,4,0,55.728101286628856,E44,S
230,1,1,Passenger_229,male,24.009099726252334,0,3,11.067278340676339,,S
231,1,2,Passenger_230,male,12.481828704628594,1,2,18.778948135292683,D59,C
232,1,3,Passenger_231,male,27.211635499176317,1,3,0.7090237436630206,,S
233,0,3,Passenger_232,male,38.780908686093454,4,0,11.461454674228442,,C
234,0,3,Passenger_233,female,43.52232458959275,0,0,22.349553966964137,A89,S
235,0,3,Passenger_234,male,,4,0,1.8501008911345598,,S
236,1,3,Passenger_235,male,48.04761354569098,3,2,21.615851314047188,,Q
237,1,1,Passenger_236,male,26.58622110162208,1,2,83.8019984359865,,C
238,0,1,Passenger_237,male,,1,2,3.5638722269063865,,S
239,0,2,Passenger_238,male,28.095735795688437,3,0,46.26536677564164,,S
240,1,3,Passenger_239,male,,0,1,16.866411545514403,,S
241,0,2,Passenger_240,male,12.518363067107995,1,3,34.07086429184394,D90,S
242,0,2,Passenger_241,male,52.94191734827538,2,3,9.645595869266087,,C
243,1,1,Passenger_242,female,42.27043954264478,2,0,5.559971852645865,B78,C
244,1,3,Passenger_243,male,26.808059641961393,0,2,5.596936644103006,E78,S
245,0,3,Passenger_244,male,,3,1,2.339193811221494,,Q
246,1,3,Passenger_245,male,20.332304864422998,4,1,6.571551477686051,,S
247,0,1,Passenger_246,female,30.738886993202176,0,2,34.921512441162626,E25,S
248,1,3,Passenger_247,male,26.488363561775067,4,3,68.30246887226224,B60,S
249,1,3,Passenger_248,female,43.00703857395675,0,3,53.84590600516504,,S
250,0,3,Passenger_249,male,24.89833840376319,2,1,36.979491572366626,,S
251,1,2,Passenger_250,female,36.777025348560876,3,1,3.7446135619402074,,S
252,0,3,Passenger_251,male,29.29505162155182,2,2,10.92308868750175,,S
253,1,3,Passenger_252,male,33.47537100355899,3,3,11.865082550910834,,S
254,0,1,Passenger_253,male,26.47920990165064,4,1,9.20398941747846,,C
255,1,2,Passenger_254,male,,0,3,23.155777843754457,,S
256,1,2,Passenger_255,female,39.81556112406108,1,1,24.54110665407501,,S
257,0,3,Passenger_256,male,36.13900636151002,1,2,14.125863613352248,,C
258,1,1,Passenger_257,female,38.20520058009306,3,3,13.972142361114628,,Q
259,0,1,Passenger_258,male,16.478837114397265,3,1,56.4318800312668,,Q
260,1,2,Passenger_259,male,,2,1,49.833152520610504,,S
261,1,3,Passenger_260,male,47.18882474482547,1,1,11.771978430614519,,S
262,0,3,Passenger_261,male,36.579663938272965,2,1,78.43043355209066,,S
263,1,3,Passenger_262,female,,4,2,97.71774700307216,,S
264,1,3,Passenger_263,male,29.003268864912812,1,3,12.660079033209287,C27,Q
265,0,1,Passenger_264,female,34.94969113675592,4,3,14.003641827973967,,S
266,1,3,Passenger_265,female,19.096406763423673,0,0,22.543342584667524,,S
267,0,3,Passenger_266,male,10.68420324587306,2,3,90.63256334340329,,S
268,0,2,Passenger_267,male,25.274629841888622,3,0,66.88169954856919,D97,S
269,0,3,Passenger_268,female,19.328346288452167,1,1,3.4629723460497366,,C
270,1,3,Passenger_269,male,29.499953560540437,2,2,15.961056007489525,,S
271,1,3,Passenger_270,male,7.420334935051962,3,2,25.792877806981558,,S
272,0,1,Passenger_271,male,37.605814875506184,0,1,22.38181864909018,,S
273,1,3,Passenger_272,male,20.815529505893004,1,0,6.896053120261678,,S
274,0,3,Passenger_273,female,43.640531313538986,4,1,62.6462955825873,,S
275,1,2,Passenger_274,male,25.823416242850705,0,2,36.157428422017816,,S
276,0,1,Passenger_275,female,29.34455335061718,3,2,58.226992521582105,,S
277,0,1,Passenger_276,male,27.27751169824315,1,3,62.6344002177737,,S
278,1,3,Passenger_277,male,20.065764338596182,1,0,44.15165782943204,,Q
279,0,3,Passenger_278,male,64.31191247181724,0,3,18.50911511161847,D69,Q
280,0,2,Passenger_279,male,22.75787350789801,1,2,30.176366701665593,,Q
281,1,2,Passenger_280,male,44.029301314519245,3,2,5.593231650345709,B71,S
282,0,2,Passenger_281,female,14.38919475511247,0,3,35.83266599198582,,S
283,0,3,Passenger_282,female,34.90983947530425,4,3,6.321302060604869,,S
284,1,2,Passenger_283,male,,0,2,37.88817451847924,,C
285,0,3,Passenger_284,male,29.361522320626182,0,3,8.346976995522068,C97,Q
286,0,3,Passenger_285,male,,4,3,4.00174791507721,,C
287,0,3,Passenger_286,male,26.013493363404503,3,0,5.781258206177552,,S
288,0,2,Passenger_287,female,24.053946972376316,2,2,0.06381190911074003,,Q
289,0,1,Passenger_288,female,63.328367945696385,2,1,40.59118117908045,,S
290,0,3,Passenger_289,male,29.383556747772527,4,0,42.18450787148164,,S
291,0,2,Passenger_290,female,,3,1,23.151007188065638,,S
292,0,1,Passenger_291,male,,1,3,5.631266778904157,,S
293,1,3,Passenger_292,female,17.43153864836146,4,3,2.792080048768669,,S
294,0,2,Passenger_293,male,30.227243264351127,2,1,0.6180573541487893,,S
295,0,1,Passenger_294,male,,3,3,5.799039235682173,,S
296,1,1,Passenger_295,male,28.494061763232903,0,3,70.88265302878831,,S
297,0,2,Passenger_296,male,27.193832460355203,3,0,8.846753701178734,,C
298,0,3,Passenger_297,female,19.45372080117696,3,1,13.996027987235001,,S
299,0,2,Passenger_298,female,32.43574398995286,2,0,3.562164845150935,,S
300,0,2,Passenger_299,male,,2,1,8.047784469173857,C63,C
301,0,3,Passenger_300,female,,1,0,23.43536003261326,E39,
302,0,2,Passenger_301,male,38.42633729316445,1,2,29.947607285175675,C67,S
303,1,1,Passenger_302,female,22.791520570903778,4,2,9.008136957561183,,S
304,1,1,Passenger_303,male,23.470233500765964,0,1,1.9029028092058091,,S
305,1,2,Passenger_304,male,33.55714787287555,1,2,15.871711520748025,,S
306,1,1,Passenger_305,male,18.520365581513445,2,0,8.538836537121787,,S
307,1,1,Passenger_306,male,55.0677217378882,3,1,7.932468143104735,,C
308,0,3,Passenger_307,male,34.71096020168476,4,2,102.89445636819222,B49,S
309,0,1,Passenger_308,male,35.20568411937148,1,2,30.652657540831896,A79,C
310,0,3,Passenger_309,male,39.240231125002,3,1,26.045156861790247,B95,C
311,0,3,Passenger_310,male,21.587514163019016,3,2,17.199016754495204,,Q
312,0,3,Passenger_311,female,,1,2,17.928594702831106,,S
313,1,2,Passenger_312,female,,0,1,24.911940064634123,,C
314,1,1,Passenger_313,male,43.00203659398365,0,2,38.14855734156176,,S
315,0,3,Passenger_314,male,26.928656228043373,4,2,38.75686938672147,,S
316,0,3,Passenger_315,female,48.141895174236595,0,2,6.027920519239286,,S
317,0,3,Passenger_316,male,35.31881077834706,4,2,22.187926724578684,,S
318,1,1,Passenger_317,male,,2,3,16.990626133570313,,C
319,1,3,Passenger_318,male,,1,1,65.41704490453179,,S
320,0,1,Passenger_319,male,32.56369154527044,3,3,31.93902616715872,,S
321,1,2,Passenger_320,male,15.257932543817788,4,3,24.331668112231327,,S
322,0,2,Passenger_321,male,22.28982467435292,0,0,3.9236370173954196,B60,S
323,1,1,Passenger_322,male,38.361611669870676,4,3,29.775543332247544,,S
324,1,3,Passenger_323,female,45.51054212555301,4,3,3.9891529217711277,,C
325,0,3,Passenger_324,male,71.21014492409012,0,0,13.161341259799373,,S
326,1,3,Passenger_325,female,28.34719530727491,0,2,4.932255112557608,,S
327,1,3,Passenger_326,male,16.635012292961633,1,2,37.69262842612123,B97,S
328,0,3,Passenger_327,male,40.24656064528138,3,3,7.3916605401422855,,S
329,1,3,Passenger_328,male,13.910418912981715,1,0,15.915172149173914,,S
330,0,1,Passenger_329,male,37.599883432374305,1,2,72.32774786838816,,S
331,1,3,Passenger_330,male,22.668419973282266,0,0,7.313716439364914,B74,Q
332,0,1,Passenger_331,male,32.66232958532551,0,1,22.684173743839008,,S
333,0,2,Passenger_332,male,,3,1,17.391110612295694,,S
334,1,2,Passenger_333,female,,4,1,0.5852893861300849,,S
335,1,2,Passenger_334,female,,1,1,50.36379630258958,,C
336,0,3,Passenger_335,male,,3,3,2.289449968939904,,S
337,1,3,Passenger_336,female,3.5993586036726732,1,1,20.574048466160775,,S
338,1,2,Passenger_337,male,17.077589555501987,4,1,26.32074626984489,,C
339,1,3,Passenger_338,male,7.834703940463395,1,0,31.68027107405094,A66,S
340,0,3,Passenger_339,male,,2,2,37.33691507383006,,S
341,0,3,Passenger_340,male,28.22451304387743,3,0,9.345753501503824,,S
342,0,3,Passenger_341,male,54.63160898153299,0,3,0.32092474766553736,,S
343,1,1,Passenger_342,female,,1,1,41.13090323166075,,S
344,1,3,Passenger_343,male,21.681242056320638,3,2,24.548189211926218,,S
345,0,3,Passenger_344,male,40.906975384723616,3,2,57.87541796201233,,S
346,0,3,Passenger_345,female,32.209844461973574,1,1,55.12132657060627,,S
347,1,3,Passenger_346,male,37.16003849938842,0,1,59.314852366973476,,S
348,1,3,Passenger_347,male,,0,3,21.24071043194462,,Q
349,1,3,Passenger_348,male,48.97524890030501,1,3,12.989049594783628,,C
350,1,2,Passenger_349,male,40.578225340602046,3,1,50.17905362662174,,C
351,0,2,Passenger_350,male,35.32275707688063,0,1,19.20616659303266,,S
352,1,2,Passenger_351,male,20.10145606485469,1,1,6.485042390893729,,S
353,1,3,Passenger_352,male,34.233201786483235,1,1,61.786956069550605,B27,S
354,0,2,Passenger_353,female,,1,2,68.53845327471033,E26,S
355,0,3,Passenger_354,female,,3,3,20.09406963214424,,Q
356,1,3,Passenger_355,male,28.99408007589917,0,1,2.5189852700146513,,S
357,0,3,Passenger_356,male,,3,1,15.703643841124785,D96,S
358,1,3,Passenger_357,male,44.57362113825168,2,2,52.07310455198203,D98,S
359,1,3,Passenger_358,female,0.5,0,0,74.25550795199254,,S
360,0,3,Passenger_359,male,32.99279760396581,3,1,7.279805715842723,,S
361,0,3,Passenger_360,male,13.522047326519957,0,2,2.2182974593163114,,S
362,1,3,Passenger_361,female,34.16912679073765,2,2,67.14957448973257,E76,S
363,0,2,Passenger_362,female,34.93992077808228,4,0,15.78628119822803,,C
364,1,2,Passenger_363,male,28.484173120177317,1,3,24.971658205988337,,S
365,1,2,Passenger_364,male,41.00210374735518,3,3,110.21049985693476,,Q
366,1,3,Passenger_365,male,12.259275172604212,2,3,2.204277035492075,,C
367,0,3,Passenger_366,male,45.2080863039438,2,1,33.44089414351199,,S
368,1,3,Passenger_367,male,19.78689587328202,0,3,2.463836738883999,,C
369,1,2,Passenger_368,female,,0,1,15.064134284710454,,S
370,1,3,Passenger_369,male,,1,1,52.11823581190873,,Q
371,0,3,Passenger_370,male,,0,2,18.18333389694464,,S
372,1,2,Passenger_371,male,,3,3,187.89931071874986,,S
373,1,3,Passenger_372,male,,3,3,26.20303505784663,,S
374,1,3,Passenger_373,male,46.971616899264504,3,3,12.395935708628718,,S
375,0,3,Passenger_374,female,,4,1,7.95533104011744,D10,Q
376,1,3,Passenger_375,male,10.212051279367856,3,1,13.810689884812215,,S
377,1,1,Passenger_376,male,17.962575124349605,0,3,14.914068329400198,,S
378,0,2,Passenger_377,male,,0,1,2.2780322004046414,,S
379,0,3,Passenger_378,male,41.55910613979049,3,1,14.763514047063085,E70,Q
380,1,3,Passenger_379,male,46.81501280841633,2,0,19.9701189269274,,S
381,1,2,Passenger_380,female,,2,0,41.04932729129347,,S
382,1,3,Passenger_381,male,28.44668345652932,2,3,34.215566988009854,,S
383,0,3,Passenger_382,female,34.77717871151636,1,3,39.476064877013336,,S
384,0,3,Passenger_383,male,47.88233905521315,4,0,0.26876331878773724,E74,S
385,1,1,Passenger_384,male,25.45368153289672,3,1,7.855209876170975,C83,S
386,0,3,Passenger_385,female,35.01616661716173,1,1,34.68082436707959,,S
387,1,3,Passenger_386,male,25.123669084484877,2,2,21.172093101120783,,C
388,1,3,Passenger_387,male,,3,3,0.1704845563351425,,S
389,0,1,Passenger_388,male,30.377391656001247,1,3,52.22935985572496,,S
390,1,1,Passenger_389,male,20.07439168124572,0,3,47.422935327484076,,S
391,0,3,Passenger_390,female,27.86717638122351,2,2,25.440028197191516,,C
392,0,1,Passenger_391,female,15.210631896550142,1,2,2.2008009592456927,,Q
393,1,1,Passenger_392,female,27.040078579446686,0,1,46.548404989119334,,S
394,0,1,Passenger_393,male,35.97746411062206,2,0,28.04421646693498,B80,S
395,1,3,Passenger_394,male,21.457310493104856,4,0,48.738452544808986,,S
396,0,3,Passenger_395,female,29.83008453543278,2,0,44.58581954902538,E43,S
397,1,1,Passenger_396,female,31.6507963106977,4,1,51.98598617126179,,S
398,1,1,Passenger_397,male,36.03548848549869,4,0,23.354492811228088,,S
399,1,3,Passenger_398,male,27.82988222172698,4,2,4.8384098459015705,,S
400,0,3,Passenger_399,female,44.90212878614928,3,2,35.589641129411284,,Q
401,1,1,Passenger_400,male,,3,3,31.0026114219291,,S
402,0,2,Passenger_401,male,70.82853986034883,4,0,43.38488069210868,,S
403,0,3,Passenger_402,female,17.504127303474764,0,2,5.957959112432389,C28,S
404,0,3,Passenger_403,male,35.34746032695708,4,3,6.94023022274678,,S
405,0,3,Passenger_404,male,16.56144925711812,1,0,70.75215181380668,,S
406,0,3,Passenger_405,female,38.719754233130224,4,0,44.35857788387872,C59,S
407,1,2,Passenger_406,male,33.57196813632899,3,2,76.43050764625794,,S
408,0,3,Passenger_407,female,,3,3,45.496889683928984,,S
409,1,2,Passenger_408,male,44.72322283574438,1,3,29.09453331126769,,Q
410,1,3,Passenger_409,male,,1,2,33.974406737885616,C31,S
411,0,2,Passenger_410,male,37.36102313279805,2,2,70.38010272638891,E41,S
412,1,3,Passenger_411,female,16.859762727255497,0,2,27.669233126529136,A93,S
413,1,3,Passenger_412,male,29.26757310199788,0,0,32.02356121380499,,S
414,0,1,Passenger_413,male,57.74770174054946,0,2,5.445368747217372,A63,S
415,1,3,Passenger_414,male,43.181517407597816,3,2,20.553737786134068,,C
416,0,1,Passenger_415,male,34.006690576314725,0,1,40.32576962788571,,Q
417,0,2,Passenger_416,male,23.415108413462857,2,2,10.112094301759537,,Q
418,0,1,Passenger_417,male,30.644979502250123,2,2,7.230888135417365,,S
419,1,2,Passenger_418,male,32.46592386241335,0,0,12.052006943209577,C15,C
420,1,1,Passenger_419,male,35.989198088876435,1,3,8.845225860299061,A54,S
421,1,3,Passenger_420,female,14.62675288551268,2,0,7.742728863761599,,S
422,1,2,Passenger_421,female,39.05771145319311,1,1,17.700027779725957,,S
423,0,3,Passenger_422,male,,3,2,76.29481461660443,,C
424,0,2,Passenger_423,male,52.535761931946205,2,2,22.635747185876227,C86,S
425,1,3,Passenger_424,female,,1,2,6.661020494216273,,S
426,0,3,Passenger_425,female,33.852796475466455,0,2,2.5630512284302847,,S
427,1,3,Passenger_426,male,43.77199602589225,3,2,38.11972303532309,,S
428,0,3,Passenger_427,female,26.166679391497702,4,2,15.441925011514462,,S
429,0,3,Passenger_428,male,34.46840026739802,4,1,55.200718115891384,,C
430,0,3,Passenger_429,male,,0,2,34.47589695541645,C88,S
431,0,3,Passenger_430,male,,3,2,50.906226150666335,,S
432,0,1,Passenger_431,female,34.67770881544094,3,2,10.156163579339902,,S
433,1,3,Passenger_432,male,6.113004472513531,3,1,37.72228826247729,,S
434,1,3,Passenger_433,female,,3,2,9.811500228277787,,
435,0,3,Passenger_434,male,,4,1,89.53614909923373,A78,S
436,1,3,Passenger_435,male,37.679304274779355,1,0,32.37216596236025,,S
437,0,3,Passenger_436,male,,3,2,12.554226897147503,,S
438,0,3,Passenger_437,female,38.595557051008555,1,3,10.049353168523142,,S
439,0,1,Passenger_438,male,47.756591397255235,3,1,6.779699785366262,,S
440,0,1,Passenger_439,male,,2,0,37.96054434423937,,S
441,1,2,Passenger_440,male,,2,1,7.8981140332006525,,S
442,0,3,Passenger_441,female,15.298559336192824,2,1,28.94775350813268,,Q
443,1,3,Passenger_442,male,11.807683831890735,3,0,9.836426912291168,,S
444,0,3,Passenger_443,male,6.687629981767191,1,2,34.70776026917383,,S
445,0,3,Passenger_444,male,17.30771101400213,4,2,53.9863588892683,,S
446,1,3,Passenger_445,female,51.43586541685498,0,1,48.1661315658843,,S
447,0,3,Passenger_446,female,7.961821050575473,4,0,45.78143597204864,,Q
448,0,3,Passenger_447,female,25.45049620191923,3,2,6.653220234621871,D76,S
449,1,3,Passenger_448,male,11.59596546895379,2,1,2.9611990081625534,D96,S
450,1,3,Passenger_449,male,,2,3,38.415200757029794,,S
451,1,1,Passenger_450,female,32.075713092928275,1,0,14.701293591032927,,S
452,0,3,Passenger_451,male,19.898377775129884,3,3,18.119795188521138,,C
453,0,2,Passenger_452,male,44.95530811023046,4,3,1.0126253267617218,,S
454,1,1,Passenger_453,male,51.17569369189394,3,1,9.617052501703919,C32,
455,1,3,Passenger_454,female,,3,0,1.096208487282553,,S
456,0,3,Passenger_455,male,20.13810737508428,2,2,67.63203916597726,,S
457,0,3,Passenger_456,male,,4,2,8.925317855838259,E67,C
458,1,2,Passenger_457,female,45.46563836421532,0,1,26.078300923376123,C41,S
459,1,3,Passenger_458,male,,2,2,1.2722992537774707,,S
460,1,2,Passenger_459,male,,4,2,35.17294750766426,,S
461,1,1,Passenger_460,female,,1,3,12.483980781834573,,S
462,0,2,Passenger_461,female,8.240858068327164,2,3,73.02369582915095,,S
463,0,2,Passenger_462,female,49.93538565416107,1,0,70.08999114251972,D10,S
464,0,1,Passenger_463,female,4.163021765498883,2,3,12.59114324934835,D70,S
465,0,2,Passenger_464,male,62.300666117901926,3,2,73.99169644195774,,S
466,1,1,Passenger_465,female,39.85211959134438,4,0,177.97367155674792,,S
467,0,3,Passenger_466,male,39.219623057234585,1,0,55.851115326152375,C15,Q
468,1,1,Passenger_467,female,37.75656134492202,2,1,59.632015739264965,,S
469,0,3,Passenger_468,female,26.162400367986503,1,3,9.163560317469914,,S
470,0,3,Passenger_469,male,35.18918341581217,2,0,27.509753552341294,,S
471,0,3,Passenger_470,female,,2,2,2.227981032233635,,S
472,1,3,Passenger_471,female,37.443025870166714,0,0,3.1913491791377497,,S
473,0,3,Passenger_472,male,,0,0,217.78403903645702,,C
474,1,3,Passenger_473,female,16.39512543657571,0,1,12.655169901106857,,S
475,1,1,Passenger_474,male,17.511983372335415,1,2,44.129800564131585,,S
476,0,3,Passenger_475,male,15.92018674590495,3,2,52.586595767411026,,S
477,1,3,Passenger_476,male,,2,3,62.46694768458641,,S
478,0,2,Passenger_477,male,21.055747425572626,4,2,193.41270995338348,,S
479,1,1,Passenger_478,female,2.930555744811958,0,0,8.845051084691107,C85,S
480,0,2,Passenger_479,female,35.25574132188327,1,2,1.318000190622174,,S
481,1,3,Passenger_480,male,50.90324587625414,1,2,16.948937794924248,,S
482,1,2,Passenger_481,male,40.52316464848538,1,0,4.459353458366604,,S
483,0,3,Passenger_482,male,21.25347008689603,4,1,0.7257975450415333,B41,S
484,0,1,Passenger_483,female,7.484635981668752,4,3,14.302535760810652,,
485,0,3,Passenger_484,male,27.820246552994853,0,3,49.00050573945795,,S
486,0,2,Passenger_485,female,27.470865706646055,4,1,26.72406946570387,,S
487,1,2,Passenger_486,female,,0,0,12.003132132941325,,S
488,1,3,Passenger_487,male,37.41452223139552,4,3,33.99377433438933,,S
489,1,1,Passenger_488,female,55.55277101162662,4,1,8.447654988536158,,S
490,1,1,Passenger_489,female,32.811958044415974,4,1,0.46354756390525903,,S
491,0,2,Passenger_490,female,31.94666689798384,0,1,46.253503882717126,,S
492,1,3,Passenger_491,male,16.578807316326483,2,3,31.279458687646912,,S
493,0,3,Passenger_492,male,49.26380584284521,0,3,45.97622226910149,,S
494,1,3,Passenger_493,female,,2,3,1.2709239464852713,,S
495,0,3,Passenger_494,male,21.59451442728161,1,3,58.07165634217281,,C
496,0,1,Passenger_495,male,30.591637511122624,1,2,30.92281474924672,,S
497,0,3,Passenger_496,male,36.30745866545253,0,1,26.519269954376067,,S
498,0,3,Passenger_497,male,,2,2,31.353618472069947,,S
499,0,2,Passenger_498,male,46.58614753938828,2,1,63.945315741863034,E69,S
500,1,1,Passenger_499,male,35.07560173565607,2,3,28.29292674214223,D31,S
501,0,2,Passenger_500,male,25.72481464764451,1,3,27.832510111482208,,S
502,1,3,Passenger_501,male,35.31669102857646,0,2,149.61607074518568,,S
503,1,2,Passenger_502,male,36.6949194157634,3,0,45.23468889983039,,S
504,0,3,Passenger_503,female,11.55073713030621,2,3,18.685535626706855,D34,
505,1,2,Passenger_504,male,45.79187619569201,2,0,39.32603320499897,,S
506,1,1,Passenger_505,male,,3,1,15.777139041539474,,S
507,1,2,Passenger_506,male,25.84547487092398,0,2,8.316972518533582,E47,S
508,0,3,Passenger_507,male,40.219263819063244,2,0,29.0704394694026,,S
509,0,1,Passenger_508,male,40.16031313963414,0,0,84.2758881317195,E54,S
510,0,1,Passenger_509,male,19.888356495874802,2,3,84.70535698769797,,S
511,0,1,Passenger_510,male,40.9406226540396,4,0,13.389004920648416,,S
512,1,1,Passenger_511,male,21.85372587914666,2,0,24.002982159586324,A26,S
513,1,2,Passenger_512,female,55.17402265378118,4,1,7.609447622002026,,S
514,1,3,Passenger_513,male,18.105284262279305,0,2,173.8638781444741,,C
515,1,3,Passenger_514,female,,2,3,127.02532199437799,,Q
516,1,3,Passenger_515,male,,1,3,33.549441596355074,D71,S
517,1,2,Passenger_516,female,60.81773880789105,1,0,52.21617291861045,,S
518,0,2,Passenger_517,male,12.370506782780375,3,1,40.17976331471321,,S
519,1,1,Passenger_518,male,37.04107846154075,1,0,28.778589238048582,,S
520,1,3,Passenger_519,male,,4,0,1.7543592445429588,,S
521,1,3,Passenger_520,male,24.742493019728183,1,3,19.40918972129446,,S
522,0,1,Passenger_521,male,36.04952967243246,1,0,35.94472899005221,,
523,1,3,Passenger_522,male,46.844182126766,1,0,36.21600560312425,,S
524,1,3,Passenger_523,female,52.42755187218664,2,1,14.944138276683132,B67,S
525,0,2,Passenger_524,male,8.182728559631514,3,3,90.94450383844953,,S
526,1,1,Passenger_525,female,33.44851714110247,0,2,5.86081084233787,,C
527,0,3,Passenger_526,male,50.1329104473693,3,1,22.203722608580474,,S
528,0,3,Passenger_527,female,6.105646857332832,4,1,37.56923494852716,,S
529,1,2,Passenger_528,male,,2,1,38.223064902710995,A64,S
530,1,1,Passenger_529,male,29.670826836117424,2,3,33.4701110714263,,C
531,0,3,Passenger_530,male,35.50358540131703,1,0,10.303399646765875,,S
532,1,1,Passenger_531,male,18.887743645429346,1,2,5.4351220470706325,,C
533,1,3,Passenger_532,male,9.601336405011839,4,3,32.33399959975647,,S
534,0,3,Passenger_533,male,2.9165100474936487,2,0,29.26552135874051,,S
535,0,1,Passenger_534,female,43.36937534846944,0,1,6.325308596690359,,S
536,1,1,Passenger_535,female,45.15668791076695,3,3,39.080054842191636,,S
537,0,3,Passenger_536,male,33.9375948859438,2,0,19.433123689208937,,S
538,1,2,Passenger_537,female,22.221923104366645,0,2,35.26078272995888,,C
539,1,1,Passenger_538,female,6.977357491479562,0,2,58.12030850952929,,S
540,1,3,Passenger_539,female,,3,0,5.952077991113638,E82,S
541,1,2,Passenger_540,male,14.28909004028641,0,3,0.6185761318605131,,S
542,0,3,Passenger_541,male,19.74181925335247,4,1,48.32182006626899,,S
543,1,1,Passenger_542,male,21.488102886121936,0,0,30.10665624701567,,S
544,0,3,Passenger_543,male,26.934506840242445,4,1,38.488706908096034,,S
545,1,2,Passenger_544,male,19.073433739078922,0,2,58.27571319520347,,S
546,1,3,Passenger_545,male,30.168422793892237,1,0,51.95495324094513,D29,S
547,0,3,Passenger_546,male,,0,2,103.74874276826212,,Q
548,1,1,Passenger_547,male,39.51922290774912,4,1,24.56738624884042,A18,S
549,0,2,Passenger_548,female,44.13488079583274,0,1,21.452772970483256,,C
550,0,2,Passenger_549,male,31.219597464398138,0,0,16.447229243982097,,S
551,1,3,Passenger_550,male,36.17676869533543,0,0,5.33986523074041,B36,S
552,1,3,Passenger_551,female,59.34998329476246,4,0,27.201659495076857,,S
553,1,3,Passenger_552,male,13.283554403941576,0,2,10.379628150163471,A28,S
554,1,1,Passenger_553,male,12.431446582078522,3,1,81.35064262083205,,C
555,0,3,Passenger_554,female,39.429970610876246,3,1,28.004055235566312,B35,S
556,1,1,Passenger_555,male,56.95159972520672,4,2,28.753583799445842,,S
557,1,3,Passenger_556,male,,1,0,14.028421253301568,,C
558,1,3,Passenger_557,male,,3,3,1.7084654303734033,,S
559,1,2,Passenger_558,male,31.050072063108857,2,0,1.032272689299354,,S
560,1,2,Passenger_559,male,20.167578051452857,3,3,17.61580865002899,,S
561,0,3,Passenger_560,male,15.830306559072152,2,3,2.827402555736218,,C
562,1,3,Passenger_561,male,38.51179018841503,4,2,29.873802138016824,,S
563,0,2,Passenger_562,male,,1,1,68.1089589834064,,S
564,1,2,Passenger_563,female,,2,1,68.63531344485806,E75,S
565,1,3,Passenger_564,male,51.86851035537731,2,1,34.43219129950106,,Q
566,1,1,Passenger_565,female,25.40507449980081,3,1,,,S
567,0,1,Passenger_566,male,48.09613264501459,2,2,63.60803918893186,,S
568,1,1,Passenger_567,female,12.696391143830304,4,3,69.51605678913677,,S
569,0,1,Passenger_568,male,22.225272581564802,4,1,7.00701622423075,,Q
570,0,3,Passenger_569,male,9.99998363299117,4,3,42.791125074228496,,C
571,1,3,Passenger_570,male,30.721954583627006,3,2,10.803207714466167,B65,Q
572,0,3,Passenger_571,female,40.62109451603216,1,0,51.92727646137573,D72,S
573,1,1,Passenger_572,male,30.752619226486605,3,2,188.53644749127528,,S
574,1,3,Passenger_573,male,46.87870083958212,4,1,0.9755525587847523,,S
575,0,3,Passenger_574,male,19.211490631192177,3,0,72.85071070332901,,C
576,1,1,Passenger_575,female,32.854798551646944,4,2,31.18497774264202,,S
577,1,3,Passenger_576,female,,0,2,116.03810757506167,,S
578,0,2,Passenger_577,male,34.76347219593117,0,3,20.016202304428603,,C
579,0,3,Passenger_578,female,36.75230464697396,2,2,60.15539428251753,,S
580,0,2,Passenger_579,male,37.85354343977688,1,0,2.061617088821899,,S
581,0,3,Passenger_580,female,14.711679264701571,0,2,13.06841441827309,,S
582,0,1,Passenger_581,female,17.24355457498804,4,1,2.2197697165287886,D25,S
583,0,3,Passenger_582,male,19.839972085323353,3,3,118.486395411119,,C
584,1,1,Passenger_583,male,26.355669529867637,3,0,54.34004969890334,C70,S
585,0,3,Passenger_584,female,30.920609658890022,2,0,61.25595695574847,C63,S
586,0,3,Passenger_585,male,39.61324770599347,3,2,88.96192856937495,,S
587,1,3,Passenger_586,female,,0,1,2.8462182299942684,,S
588,1,3,Passenger_587,male,,3,3,15.5873657190727,,S
589,0,3,Passenger_588,male,,0,0,2.357891083418913,D34,S
590,0,1,Passenger_589,male,,0,3,7.575256441760407,E19,S
591,1,3,Passenger_590,male,,1,2,8.337325983245053,,S
592,0,3,Passenger_591,female,30.13773628148144,2,1,20.262245829438978,,S
593,0,3,Passenger_592,male,,4,2,10.007777548786635,C67,S
594,1,3,Passenger_593,female,29.678292918297362,0,3,3.4063325436900262,,C
595,0,1,Passenger_594,female,24.31221365274024,2,2,5.865963308606775,E38,S
596,1,1,Passenger_595,female,36.195611960928424,4,3,5.098202749214539,A15,C
597,0,3,Passenger_596,male,23.559779112397862,3,0,115.67253865597577,,S
598,1,3,Passenger_597,female,,2,0,45.57352973764974,,S
599,1,1,Passenger_598,male,,2,2,109.90696995789732,,S
600,1,3,Passenger_599,female,,2,0,18.539365940712045,,S
601,0,3,Passenger_600,male,,3,3,10.439700249030002,,S
602,1,1,Passenger_601,male,26.391033680754056,3,0,51.230083434191044,,S
603,0,3,Passenger_602,female,,2,1,12.636863105608585,D35,Q
604,1,3,Passenger_603,male,,1,1,11.385421983748119,D87,S
605,1,3,Passenger_604,male,,0,2,8.467987423621652,,S
606,1,3,Passenger_605,female,48.08295921824201,3,2,4.444580635101494,B42,C
607,0,3,Passenger_606,male,30.407501418316084,1,2,9.482778616199495,,S
608,0,2,Passenger_607,male,32.08696129056603,3,2,14.048026213477279,,C
609,1,1,Passenger_608,male,26.547948617099703,2,3,35.86688420317154,,S
610,0,1,Passenger_609,male,32.46610490871971,1,3,2.067446034037252,,Q
611,0,2,Passenger_610,male,,4,1,7.5636555287949285,B76,S
612,0,2,Passenger_611,male,25.49803601850512,0,3,52.97938015220476,,S
613,1,1,Passenger_612,female,20.594217514060087,0,0,5.084934531981852,,S
614,0,2,Passenger_613,male,,3,1,13.425001422961891,,S
615,1,1,Passenger_614,male,0.5,0,2,63.998629825175755,,S
616,1,3,Passenger_615,male,30.59539501675306,4,2,5.38656852325436,,S
617,1,2,Passenger_616,male,,1,3,2.763547642849268,,S
618,0,3,Passenger_617,female,15.807614275494679,1,1,21.20613387319493,,S
619,1,3,Passenger_618,male,36.808607384361004,2,3,11.524396029689255,,C
620,0,1,Passenger_619,male,30.4558378582411,1,3,26.520223785000695,B21,C
621,0,3,Passenger_620,male,,3,3,52.116661061540114,,S
622,1,3,Passenger_621,male,20.648586703305874,4,1,4.720405220311007,,S
623,1,2,Passenger_622,female,0.5,2,2,27.813326129163613,,C
624,1,1,Passenger_623,male,33.80577039786904,3,0,22.535226999302175,,S
625,0,2,Passenger_624,male,33.6661918581622,3,2,4.97846229796344,,C
626,0,1,Passenger_625,male,18.59405348632857,3,1,31.301187448060904,,Q
627,1,2,Passenger_626,female,37.261577963563774,0,2,10.230723026279822,E30,S
628,1,3,Passenger_627,female,11.745019304298687,3,2,21.411427510239648,,C
629,0,3,Passenger_628,female,,0,0,2.7473466211234565,E57,S
630,0,3,Passenger_629,male,35.5406665013559,1,2,19.69331748819173,A49,S
631,1,1,Passenger_630,male,20.058665430518793,0,2,11.710443614550838,,S
632,0,1,Passenger_631,male,28.822802613165777,3,2,55.29970115662342,,S
633,0,2,Passenger_632,female,21.8089136160312,4,3,1.8773260078597434,,C
634,0,1,Passenger_633,female,23.946963811811422,4,1,17.35452171824231,D88,S
635,0,1,Passenger_634,male,,1,1,19.625138559664112,E86,S
636,0,3,Passenger_635,male,19.80540539894551,3,0,41.31220087017078,,
637,0,1,Passenger_636,male,33.93429600104174,0,3,27.327719026074472,B90,S
638,1,3,Passenger_637,male,20.90900118544471,4,3,35.208020531782495,,Q
639,0,1,Passenger_638,male,29.91961399313843,2,2,48.025745402880915,C11,S
640,1,3,Passenger_639,male,19.497756460758353,3,1,63.42315200505072,B93,S
641,1,3,Passenger_640,male,,3,0,12.05427763410125,,S
642,0,3,Passenger_641,male,42.47409348962833,2,3,24.71166511735702,,S
643,1,1,Passenger_642,female,36.69337779133572,4,2,58.66422983166836,,S
644,1,3,Passenger_643,male,61.7415489631674,2,0,145.65557200914324,,S
645,1,3,Passenger_644,male,,1,3,70.49326508396098,D64,S
646,0,3,Passenger_645,male,26.77455317735157,0,0,14.85974925442492,,S
647,1,3,Passenger_646,female,27.90089526801872,0,3,6.947836052752416,,C
648,0,3,Passenger_647,female,43.55117213594984,4,0,21.50893308607922,,S
649,1,1,Passenger_648,male,22.60048948214348,2,3,43.30902199245024,D87,S
650,1,3,Passenger_649,male,13.305414041538036,3,3,21.70862967472444,,S
651,1,3,Passenger_650,male,,3,0,21.1219935362397,,C
652,1,2,Passenger_651,male,25.26689959034281,3,3,58.29063387551568,,C
653,0,1,Passenger_652,female,42.0010091361646,1,3,14.351453326607833,A53,C
654,1,2,Passenger_653,female,40.37077761109096,1,3,62.86871431374215,B15,S
655,1,3,Passenger_654,male,29.281533365367803,3,0,16.711416385968043,,Q
656,0,1,Passenger_655,female,,4,0,12.731004226780101,,S
657,0,1,Passenger_656,female,24.218092711382738,1,3,19.363770424054813,,S
658,0,1,Passenger_657,female,29.487296197220147,1,3,45.995659153504185,,Q
659,1,3,Passenger_658,male,41.78340316638884,0,0,4.309671153274018,,S
660,0,1,Passenger_659,male,18.549837465165886,0,2,6.997681873991173,A61,S
661,0,3,Passenger_660,male,31.223838822927686,4,3,96.80174439803352,,S
662,0,2,Passenger_661,male,14.039160005216692,1,2,6.174975432031078,C80,S
663,0,3,Passenger_662,male,15.782512737409302,1,0,26.83835780394843,,C
664,0,3,Passenger_663,female,29.26685403982126,2,3,27.707829635143327,,S
665,0,1,Passenger_664,male,,4,2,21.523471210065026,,S
666,1,2,Passenger_665,female,,4,0,33.117444391124536,,S
667,0,3,Passenger_666,male,12.99716063125669,2,2,8.356472256592573,,S
668,1,2,Passenger_667,male,,2,1,25.742125330654357,,S
669,0,1,Passenger_668,female,,0,0,14.895713111298615,,S
670,0,3,Passenger_669,male,17.61932525749302,4,1,34.67921372078346,,S
671,0,3,Passenger_670,male,,4,0,4.871892083873463,,S
672,1,3,Passenger_671,female,23.470759358254597,2,0,27.07240509560201,B78,C
673,0,2,Passenger_672,female,,3,3,6.556766245462369,,S
674,0,2,Passenger_673,male,0.5,3,1,10.451878595364521,C24,S
675,0,1,Passenger_674,female,33.68845849601078,0,1,7.897875957424178,,S
676,0,3,Passenger_675,female,32.59931407126132,3,1,6.461364735347757,C12,S
677,1,3,Passenger_676,female,,3,0,55.90528512331251,,C
678,1,3,Passenger_677,female,14.008486882714578,3,1,10.766810604502039,E32,Q
679,1,1,Passenger_678,male,7.312089189741819,1,1,83.8077734092972,,S
680,1,3,Passenger_679,male,24.005876837347824,0,3,112.13157556646982,,C
681,1,1,Passenger_680,male,28.46320277387267,2,2,27.10098241531244,,S
682,0,2,Passenger_681,male,42.59889444181095,3,2,4.938197452167316,,S
683,0,3,Passenger_682,female,,1,1,15.016994552154609,,S
684,0,1,Passenger_683,male,46.70270787470285,3,1,51.141216966953195,,S
685,1,3,Passenger_684,female,33.571611336497334,1,1,14.652873995157389,,S
686,0,3,Passenger_685,female,40.89298954905807,0,1,2.91322424333445,D35,C
687,1,3,Passenger_686,female,20.73309191323142,3,2,26.03840314844665,,S
688,0,3,Passenger_687,female,32.05753269465345,1,3,59.68352490394026,,
689,1,3,Passenger_688,male,13.021938049970714,4,0,50.85678409254048,,C
690,0,3,Passenger_689,male,,4,1,6.160677265664544,,S
691,0,1,Passenger_690,male,30.941053763572175,1,1,35.74641707007387,,S
692,0,2,Passenger_691,male,53.809800479589576,3,2,7.971457918350651,,S
693,0,3,Passenger_692,male,26.49423993913655,3,1,7.877310819575818,D97,Q
694,1,3,Passenger_693,male,30.960599727146008,0,3,66.30538123959545,C44,S
695,0,3,Passenger_694,female,,0,3,9.191704751748226,E23,S
696,0,2,Passenger_695,female,23.332515577561654,2,1,9.776097784527696,,S
697,0,2,Passenger_696,female,18.46510173503694,0,2,0.02091533805025181,,S
698,1,1,Passenger_697,male,47.883358547858734,3,1,65.45217706523911,,S
699,0,3,Passenger_698,male,,2,1,50.338591195666666,,S
700,0,3,Passenger_699,male,11.109146996378175,0,2,31.58589158152278,,S
701,0,3,Passenger_700,male,39.223715310136726,1,3,44.39545543423352,,S
702,0,2,Passenger_701,female,,4,0,5.277821367572154,,S
703,0,2,Passenger_702,male,23.380264793591053,0,1,19.618767802403056,,S
704,1,3,Passenger_703,female,,0,3,13.845141071498967,,S
705,1,3,Passenger_704,male,,1,1,3.1510189950146423,,
706,1,3,Passenger_705,male,19.790062525595435,3,0,21.305149057321636,,S
707,0,3,Passenger_706,male,18.75602471143244,1,2,81.12055295058967,,S
708,1,2,Passenger_707,male,42.01429623180912,0,3,1.3082745203519672,,S
709,0,3,Passenger_708,male,38.19983541097066,3,0,11.025601708923487,,S
710,0,3,Passenger_709,female,48.056224408453474,2,1,7.443661730658552,A51,S
711,0,3,Passenger_710,female,12.16375382688306,0,0,8.704038422302206,,S
712,0,3,Passenger_711,male,22.665525183251365,1,3,76.50244103630907,,S
713,1,3,Passenger_712,female,33.63651387177234,2,2,20.19973117624548,,C
714,1,3,Passenger_713,male,16.74130810315887,4,1,20.093449461159697,,C
715,1,3,Passenger_714,female,38.68362412016509,2,2,45.744567900923684,B91,C
716,0,3,Passenger_715,male,46.84477922116865,1,2,5.370172483593551,,S
717,1,3,Passenger_716,female,21.532988388817124,2,0,21.375898466895332,,S
718,1,1,Passenger_717,male,30.24028716317846,1,0,17.98697530724765,A11,S
719,0,3,Passenger_718,male,,0,3,29.07510816130901,,S
720,1,3,Passenger_719,male,54.88980205026599,3,3,247.15294470599872,,S
721,0,2,Passenger_720,male,40.14121751484565,4,2,46.95304715112875,,S
722,1,3,Passenger_721,male,,3,3,16.23279276365907,,C
723,1,1,Passenger_722,male,,3,2,56.24530045531225,,S
724,1,1,Passenger_723,female,34.72893160640977,3,1,5.989868555557377,,S
725,0,2,Passenger_724,female,37.49549177084997,1,2,0.9899951647595908,E20,S
726,1,3,Passenger_725,female,26.75481778014536,1,3,7.319025082590279,,S
727,1,3,Passenger_726,female,,4,3,13.316454666633867,,S
728,1,3,Passenger_727,female,11.761832571324032,1,2,22.865145923537934,,C
729,1,3,Passenger_728,male,5.371783429281908,1,0,30.555117790102827,E82,S
730,0,2,Passenger_729,male,,1,2,77.27035359334182,C11,C
731,0,1,Passenger_730,female,,1,2,22.817663761911607,,S
732,1,1,Passenger_731,female,31.767790553174876,0,0,22.262455356670486,,C
733,1,3,Passenger_732,male,22.926644158424647,4,1,1.6495720615541964,,S
734,1,3,Passenger_733,male,25.059611831855054,1,0,1.1371368500708794,,S
735,0,3,Passenger_734,male,32.646587581426786,4,3,25.634838954767005,,S
736,1,3,Passenger_735,female,27.39611700587968,2,0,18.45028149666874,,C
737,1,3,Passenger_736,male,10.932255479946406,0,3,58.47910425295402,,Q
738,0,1,Passenger_737,female,42.4820030838402,1,3,5.605207808145904,C45,S
739,0,3,Passenger_738,female,33.957766389377326,0,2,0.8092398051622525,,S
740,0,3,Passenger_739,male,33.422578717393876,0,2,19.074906608780086,D23,Q
741,1,3,Passenger_740,male,41.42587784701721,2,1,8.675988755323944,,S
742,0,2,Passenger_741,male,18.308965015164553,4,3,1.6283985264223608,,S
743,0,3,Passenger_742,male,46.692240128161785,0,2,41.26478310752274,,S
744,1,3,Passenger_743,male,27.739400072808667,3,3,3.786409843556809,,S
745,0,1,Passenger_744,female,42.140384324632244,2,1,29.99388232213119,,C
746,1,3,Passenger_745,male,39.98228646882716,3,3,10.558819750759968,,C
747,1,1,Passenger_746,male,15.156774407964216,2,1,6.097618655125519,,S
748,0,3,Passenger_747,male,36.740605668797905,3,1,15.284323575829369,,S
749,1,3,Passenger_748,female,34.2678453918536,3,1,51.73417755250651,E96,C
750,0,3,Passenger_749,male,30.12436320492079,0,2,15.927498183800171,,S
751,0,2,Passenger_750,female,,0,0,44.460086610942604,,C
752,0,1,Passenger_751,male,28.497494503950918,2,0,4.290794076516263,,S
753,1,1,Passenger_752,male,41.07765195901594,4,2,47.417561802203636,B35,S
754,0,2,Passenger_753,male,37.79074719308114,0,3,8.653115714307738,,Q
755,1,2,Passenger_754,male,,0,2,36.2022661584338,,S
756,1,3,Passenger_755,male,8.812893949400753,1,3,26.694641332808377,,S
757,1,1,Passenger_756,male,36.62220779717066,0,1,84.70770408411134,,S
758,0,3,Passenger_757,male,39.83059066848891,4,2,15.677331582930037,B95,S
759,1,2,Passenger_758,male,61.90574119625758,1,0,2.1905829792729654,,S
760,1,3,Passenger_759,female,44.756062883470534,3,3,0.6189225271325285,,Q
761,0,3,Passenger_760,female,,3,2,56.11668646010961,,C
762,0,3,Passenger_761,male,30.798011586260998,1,2,23.80429047915394,,S
763,1,3,Passenger_762,male,55.05925040130974,1,3,47.7676844891256,C26,
764,1,1,Passenger_763,female,38.42968399662292,1,1,8.548124071808992,,S
765,0,2,Passenger_764,female,,2,1,13.543933032528727,,S
766,1,2,Passenger_765,female,42.3032012248133,4,1,0.9781215351240707,,S
767,1,2,Passenger_766,male,20.98670527012876,4,1,104.2207262671018,,C
768,1,3,Passenger_767,female,36.39325995278438,3,3,35.27112056999638,E19,S
769,1,3,Passenger_768,male,26.19344745411325,3,0,86.59610769285237,,C
770,0,3,Passenger_769,male,29.425271198653355,3,2,9.873932550439422,,S
771,1,2,Passenger_770,female,,0,2,30.251790360380625,A79,S
772,0,3,Passenger_771,female,16.726016565109457,3,1,36.31224437380023,,S
773,1,3,Passenger_772,male,,1,3,12.226098414874608,,S
774,0,2,Passenger_773,male,23.780632544802394,3,0,60.306997373062245,,S
775,1,1,Passenger_774,female,33.3492796641057,1,0,94.09646352580828,B97,Q
776,0,3,Passenger_775,male,,2,2,69.17005111799655,,S
777,1,3,Passenger_776,male,39.77772207219947,0,1,42.99172855630948,,Q
778,0,2,Passenger_777,male,49.95105510325209,0,2,10.399647167891379,,S
779,1,2,Passenger_778,male,22.49501831094594,4,2,10.584034962197883,,Q
780,1,3,Passenger_779,female,14.156872588865602,2,0,105.81195152039777,,S
781,0,3,Passenger_780,male,33.59176290639792,1,3,0.33080789709051045,,Q
782,0,2,Passenger_781,male,50.0673490298844,2,0,40.28662458957786,,S
783,0,3,Passenger_782,female,9.402008083267315,0,2,39.200420798957964,,C
784,0,3,Passenger_783,male,14.211685462803212,1,1,31.189981811722507,,C
785,0,3,Passenger_784,male,,2,1,147.71566289337508,D83,S
786,1,3,Passenger_785,female,18.215186456570258,0,3,11.961318965945212,E61,S
787,0,3,Passenger_786,male,18.259403467474066,1,3,13.295130056129091,,S
788,0,1,Passenger_787,male,0.5,1,3,2.6313424014372426,,Q
789,1,3,Passenger_788,female,37.94679726368214,0,2,18.714486168319983,,S
790,0,2,Passenger_789,female,34.4420870401749,1,2,9.680736797411726,,S
791,0,3,Passenger_790,female,,0,3,13.461120690327409,B84,S
792,0,2,Passenger_791,female,50.10074063938745,3,1,57.574974600112846,,S
793,1,3,Passenger_792,female,53.235292409026826,3,1,87.70719947683145,,C
794,0,2,Passenger_793,female,19.187322303078403,1,1,6.574945451664226,D61,S
795,1,3,Passenger_794,female,,1,2,14.912826932122755,,S
796,1,1,Passenger_795,male,21.678030730126757,0,0,84.4763373473304,,Q
797,0,3,Passenger_796,male,32.23563114295485,1,1,2.0416368361654826,,S
798,1,3,Passenger_797,female,17.999330109707273,4,1,3.1010571718524162,,S
799,0,3,Passenger_798,male,60.69952132847186,3,1,5.685808814594074,,S
800,0,3,Passenger_799,male,25.55575881738143,1,3,28.94060372385188,,S
801,0,1,Passenger_800,male,31.470286319528473,1,2,5.218390299394523,B11,S
802,0,3,Passenger_801,male,,2,3,110.22109279210808,,C
803,0,3,Passenger_802,male,55.75841836130952,1,3,18.940197922754837,A56,S
804,1,3,Passenger_803,female,56.11260504525174,4,0,22.278007008511654,,S
805,1,3,Passenger_804,female,52.53300853768116,3,3,9.063577230625501,A93,
806,1,3,Passenger_805,female,43.09016487686671,2,0,20.37413480870646,,S
807,1,2,Passenger_806,female,20.952946342923262,0,3,34.70252452471794,C60,C
808,0,3,Passenger_807,male,41.28990134347385,0,1,44.51244893016027,C27,S
809,0,3,Passenger_808,male,29.6014008150537,3,2,44.86040440426469,,S
810,1,3,Passenger_809,male,,0,3,27.599743086017686,C81,S
811,0,3,Passenger_810,male,45.32262874711506,4,0,75.10917708026902,B39,S
812,1,1,Passenger_811,male,20.610281906937058,1,2,54.416009188293266,A53,S
813,1,2,Passenger_812,male,,3,0,45.27653945989592,,S
814,1,1,Passenger_813,female,39.24848230061497,2,1,1.8307622575426186,A19,S
815,1,1,Passenger_814,male,0.5,1,3,0.22085518148783256,C96,C
816,0,3,Passenger_815,female,40.91311295481247,0,2,7.642398749770327,,S
817,0,3,Passenger_816,male,23.654858959037114,0,1,34.8552719359146,D58,C
818,1,1,Passenger_817,male,17.29540563935657,2,3,16.94926229667539,,C
819,1,3,Passenger_818,male,,4,3,16.475011816964784,,S
820,1,3,Passenger_819,female,27.80659946115156,2,0,69.09559395738991,,S
821,1,3,Passenger_820,male,36.42083412121357,3,0,72.29343379298865,,S
822,1,3,Passenger_821,male,,2,1,76.76235546104874,,S
823,0,3,Passenger_822,male,32.3578697069745,0,0,12.054397952668248,,S
824,1,3,Passenger_823,female,37.77461292670301,4,1,37.587028548815425,C22,S
825,1,1,Passenger_824,male,55.76528097137484,4,1,10.14241554593257,,S
826,0,1,Passenger_825,female,14.626337630848179,2,1,6.7671742467588345,,S
827,0,1,Passenger_826,female,24.80542938511075,3,0,6.531721434205797,,S
828,0,2,Passenger_827,male,33.36328161775071,0,2,13.398845394472623,,S
829,0,3,Passenger_828,female,45.76373062268249,1,1,17.98542622892764,A28,S
830,0,3,Passenger_829,male,25.440865663594604,4,2,56.88178708132554,,S
831,0,2,Passenger_830,male,46.48097920787471,2,3,4.08670789599455,B28,S
832,0,3,Passenger_831,female,2.5769275693295626,3,0,42.48786147159068,,S
833,0,2,Passenger_832,female,,3,0,24.25993432147423,,S
834,0,3,Passenger_833,male,,0,2,10.867219347584243,,S
835,1,3,Passenger_834,female,9.948457026769745,4,3,21.724431668560857,,S
836,0,1,Passenger_835,female,13.257412625265964,0,3,11.41095007684947,,S
837,1,1,Passenger_836,female,22.31112390055685,1,1,29.00938499521651,,C
838,1,3,Passenger_837,male,40.500145886821535,1,0,18.204335491826317,,C
839,1,3,Passenger_838,female,3.1564922216979525,1,3,5.747579718986033,,S
840,1,2,Passenger_839,male,32.08417707027352,3,3,3.9666566582048732,,S
841,1,3,Passenger_840,male,,4,1,25.31813105726094,,S
842,1,3,Passenger_841,female,26.97076708199458,0,1,74.46436263192017,,C
843,1,2,Passenger_842,female,,0,2,13.48895967742641,,S
844,1,2,Passenger_843,male,35.32479795582003,1,0,42.25622470927445,B14,Q
845,0,2,Passenger_844,male,,4,3,34.396166415103174,,S
846,1,3,Passenger_845,male,49.166996937370456,4,2,85.81515276715965,,S
847,1,3,Passenger_846,male,,2,0,55.04842976499157,C63,Q
848,1,3,Passenger_847,male,28.97698182768881,4,2,26.755402368716826,,
849,1,3,Passenger_848,male,32.579609249449575,4,0,34.243640060924626,,S
850,0,3,Passenger_849,male,24.401643274149563,0,0,73.17051359345386,,S
851,1,3,Passenger_850,female,,4,3,16.32076542490522,,S
852,0,3,Passenger_851,male,27.4473312873113,4,0,12.662558481654163,B67,S
853,0,2,Passenger_852,female,42.30247781677453,0,1,0.3478383373764709,C85,S
854,1,3,Passenger_853,female,40.59352860576424,4,3,56.05990715761847,E11,C
855,1,3,Passenger_854,male,34.66689875038279,0,1,51.659311234000576,,S
856,0,3,Passenger_855,male,,2,2,3.5303126201560207,,Q
857,1,2,Passenger_856,male,,3,2,27.521471882204146,,S
858,1,3,Passenger_857,female,21.671870498408666,0,0,19.954783145063633,,S
859,0,3,Passenger_858,male,34.64876068328133,0,0,4.043760303657823,,S
860,0,3,Passenger_859,male,,4,1,126.10706471160006,,S
861,1,3,Passenger_860,male,16.030746202032795,0,1,7.73389541491837,,S
862,1,2,Passenger_861,male,17.20561824900335,1,1,2.227235408685209,,Q
863,1,3,Passenger_862,male,34.67031436190123,1,2,28.911726148038692,C35,S
864,0,3,Passenger_863,female,26.604416665960976,2,1,,A97,S
865,1,3,Passenger_864,male,17.936059970800194,0,3,1.0554048668336973,,S
866,0,1,Passenger_865,female,16.780377343824334,4,3,34.40144337312098,,S
867,0,1,Passenger_866,female,,4,2,24.317147014026123,,C
868,1,3,Passenger_867,male,,3,1,3.4878367896540263,A49,S
869,0,2,Passenger_868,male,22.334907549032575,2,1,6.060000846817864,,S
870,1,3,Passenger_869,female,29.503726464393758,4,0,26.856646257740255,,S
871,1,1,Passenger_870,female,31.12302002765314,3,3,11.24752082006177,,S
872,0,3,Passenger_871,male,13.865630519112798,4,2,89.1432416634865,,S
873,1,3,Passenger_872,female,5.0203452262022665,3,1,54.65037057297129,,S
874,0,1,Passenger_873,male,15.327029713699766,1,0,131.47124281187843,E14,S
875,0,3,Passenger_874,male,,1,2,9.621132142540294,,S
876,1,3,Passenger_875,male,,4,2,111.91641059594875,,S
877,1,3,Passenger_876,male,39.53369196811491,2,3,18.057150346018716,,Q
878,1,2,Passenger_877,male,31.05449852942763,0,1,13.663134248918848,,C
879,1,3,Passenger_878,male,,2,2,1.6531611268321567,A50,S
880,0,1,Passenger_879,male,21.24382815104822,2,0,1.7346667758420953,,S
881,0,2,Passenger_880,male,42.0844950580777,0,0,37.686145342646526,B59,S
882,0,2,Passenger_881,female,16.831478057909965,1,2,19.59546494540221,,S
883,1,3,Passenger_882,female,,1,0,8.219442177156843,,C
884,0,1,Passenger_883,female,,0,2,30.45891154743803,,S
885,0,3,Passenger_884,male,11.035797650848831,3,0,9.32800564725167,,C
886,1,2,Passenger_885,male,,2,2,27.580087213463397,,Q
887,1,1,Passenger_886,male,30.819907327828005,4,2,14.241649069407437,,S
888,1,3,Passenger_887,male,34.5706856285484,1,2,55.51137113214917,,S
889,0,2,Passenger_888,male,,4,0,54.99755156021175,,S
890,1,3,Passenger_889,female,25.286292180618354,0,2,20.763008535736933,E74,S
891,0,2,Passenger_890,female,23.72540036364704,4,3,13.825404127354131,E13,S
